name	line	offset
Lib90_00000	HCC827	104055
Lib90_00001	HCC827	100421
Lib90_00002	H838	93744
Lib90_00003	HCC827	89426
Lib90_00004	HCC827	87517
Lib90_00005	HCC827	81967
Lib90_00006	H1975	82620
Lib90_00007	H1975	81440
Lib90_00008	HCC827	81455
Lib90_00009	H1975	83669
Lib90_00010	H838	78838
Lib90_00011	H838	72065
Lib90_00012	HCC827	77025
Lib90_00013	HCC827	80594
Lib90_00014	HCC827	74911
Lib90_00015	HCC827	73107
Lib90_00016	HCC827	74596
Lib90_00017	H1975	77496
Lib90_00018	HCC827	74493
Lib90_00019	HCC827	75312
Lib90_00020	H838	70185
Lib90_00021	HCC827	74327
Lib90_00022	HCC827	78151
Lib90_00023	H1975	70641
Lib90_00024	H1975	73305
Lib90_00025	HCC827	73671
Lib90_00026	H1975	69574
Lib90_00027	H1975	69116
Lib90_00028	HCC827	67266
Lib90_00029	HCC827	66025
Lib90_00030	H1975	65863
Lib90_00031	HCC827	64163
Lib90_00032	HCC827	67650
Lib90_00033	HCC827	72107
Lib90_00034	HCC827	67843
Lib90_00035	H1975	62252
Lib90_00036	HCC827	65940
Lib90_00037	H838	63350
Lib90_00038	HCC827	65554
Lib90_00039	HCC827	63331
Lib90_00040	HCC827	65347
Lib90_00041	H1975	58358
Lib90_00042	HCC827	63381
Lib90_00043	HCC827	66963
Lib90_00044	HCC827	68016
Lib90_00045	HCC827	65454
Lib90_00046	H838	59219
Lib90_00047	HCC827	64737
Lib90_00048	HCC827	62883
Lib90_00049	HCC827	64999
Lib90_00050	HCC827	63713
Lib90_00051	HCC827	63923
Lib90_00052	H1975	60927
Lib90_00053	H1975	61659
Lib90_00054	HCC827	58744
Lib90_00055	H1975	62971
Lib90_00056	H838	60538
Lib90_00057	H838	59069
Lib90_00058	HCC827	62872
Lib90_00059	HCC827	61486
Lib90_00060	HCC827	63062
Lib90_00061	HCC827	61957
Lib90_00062	H1975	58749
Lib90_00063	HCC827	61252
Lib90_00064	HCC827	62206
Lib90_00065	HCC827	61576
Lib90_00066	HCC827	62235
Lib90_00067	H838	60478
Lib90_00068	HCC827	57839
Lib90_00069	HCC827	60853
Lib90_00070	H838	58384
Lib90_00071	HCC827	59382
Lib90_00072	HCC827	59574
Lib90_00073	H1975	57049
Lib90_00074	H1975	61954
Lib90_00075	HCC827	58868
Lib90_00076	HCC827	59626
Lib90_00077	HCC827	60989
Lib90_00078	H1975	59890
Lib90_00079	H2228	54620
Lib90_00080	H1975	59997
Lib90_00081	HCC827	59646
Lib90_00082	H1975	58211
Lib90_00083	HCC827	59217
Lib90_00084	HCC827	58506
Lib90_00085	HCC827	59996
Lib90_00086	HCC827	63439
Lib90_00087	HCC827	58694
Lib90_00088	H838	55794
Lib90_00089	HCC827	60759
Lib90_00090	H1975	54582
Lib90_00091	HCC827	57939
Lib90_00092	H838	55351
Lib90_00093	HCC827	57846
Lib90_00094	H838	56217
Lib90_00095	H1975	58394
Lib90_00096	H1975	60905
Lib90_00097	H1975	55972
Lib90_00098	HCC827	57869
Lib90_00099	H838	56443
Lib90_00100	H1975	57411
Lib90_00101	H1975	55876
Lib90_00102	HCC827	56565
Lib90_00103	HCC827	54653
Lib90_00104	H2228	55558
Lib90_00105	H838	53375
Lib90_00106	H838	54878
Lib90_00107	H1975	55748
Lib90_00108	H1975	55468
Lib90_00109	HCC827	59785
Lib90_00110	HCC827	57093
Lib90_00111	H1975	52881
Lib90_00112	H838	52828
Lib90_00113	HCC827	56920
Lib90_00114	H838	55510
Lib90_00115	HCC827	55428
Lib90_00116	H1975	53823
Lib90_00117	H838	51634
Lib90_00118	H2228	51416
Lib90_00119	HCC827	56834
Lib90_00120	H838	51904
Lib90_00121	HCC827	56405
Lib90_00122	H838	57623
Lib90_00123	H838	51234
Lib90_00124	H1975	52566
Lib90_00125	H1975	55813
Lib90_00126	H838	49024
Lib90_00127	H1975	55105
Lib90_00128	HCC827	56261
Lib90_00129	HCC827	52192
Lib90_00130	H2228	56070
Lib90_00131	H1975	56332
Lib90_00132	H1975	56225
Lib90_00133	HCC827	50996
Lib90_00134	H1975	49043
Lib90_00135	HCC827	54967
Lib90_00136	H1975	54351
Lib90_00137	H838	51272
Lib90_00138	H838	54260
Lib90_00139	H838	52903
Lib90_00140	HCC827	52529
Lib90_00141	H838	50065
Lib90_00142	H2228	50199
Lib90_00143	HCC827	56447
Lib90_00144	H1975	49145
Lib90_00145	HCC827	56303
Lib90_00146	H838	54044
Lib90_00147	HCC827	54143
Lib90_00148	H1975	52758
Lib90_00149	HCC827	55662
Lib90_00150	H838	49963
Lib90_00151	H838	51564
Lib90_00152	H1975	51631
Lib90_00153	HCC827	53594
Lib90_00154	H838	50087
Lib90_00155	H838	53663
Lib90_00156	H838	48191
Lib90_00157	H1975	51838
Lib90_00158	H838	51278
Lib90_00159	H838	47701
Lib90_00160	A549	53953
Lib90_00161	H2228	50110
Lib90_00162	HCC827	51044
Lib90_00163	HCC827	55371
Lib90_00164	HCC827	51363
Lib90_00165	H2228	50914
Lib90_00166	HCC827	53521
Lib90_00167	H838	46561
Lib90_00168	HCC827	52213
Lib90_00169	H838	48286
Lib90_00170	H838	49764
Lib90_00171	H1975	52079
Lib90_00172	H838	51242
Lib90_00173	H1975	47807
Lib90_00174	H1975	45134
Lib90_00175	H1975	51117
Lib90_00176	H1975	49801
Lib90_00177	H838	46264
Lib90_00178	H1975	53049
Lib90_00179	H1975	50958
Lib90_00180	H838	46639
Lib90_00181	H838	49331
Lib90_00182	H1975	48535
Lib90_00183	H838	51947
Lib90_00184	HCC827	52312
Lib90_00185	H1975	49310
Lib90_00186	H1975	53370
Lib90_00187	H838	49512
Lib90_00188	H838	49874
Lib90_00189	A549	49761
Lib90_00190	H838	49687
Lib90_00191	HCC827	51522
Lib90_00192	HCC827	53629
Lib90_00193	H2228	49065
Lib90_00194	HCC827	50633
Lib90_00195	H838	46061
Lib90_00196	H2228	46932
Lib90_00197	HCC827	49000
Lib90_00198	H2228	49017
Lib90_00199	H1975	50905
Lib90_00200	H2228	49728
Lib90_00201	H1975	49372
Lib90_00202	H1975	45622
Lib90_00203	H838	46978
Lib90_00204	HCC827	50723
Lib90_00205	H1975	46269
Lib90_00206	H838	47646
Lib90_00207	H838	47023
Lib90_00208	HCC827	45518
Lib90_00209	HCC827	50495
Lib90_00210	HCC827	49129
Lib90_00211	H1975	49401
Lib90_00212	HCC827	48737
Lib90_00213	H838	46644
Lib90_00214	H1975	51768
Lib90_00215	HCC827	50317
Lib90_00216	H2228	45139
Lib90_00217	H1975	50419
Lib90_00218	H838	45683
Lib90_00219	H1975	50111
Lib90_00220	HCC827	47323
Lib90_00221	H1975	47313
Lib90_00222	H1975	44652
Lib90_00223	H1975	48559
Lib90_00224	HCC827	49144
Lib90_00225	H2228	48573
Lib90_00226	HCC827	49809
Lib90_00227	HCC827	48899
Lib90_00228	H838	46308
Lib90_00229	H1975	48007
Lib90_00230	H1975	43923
Lib90_00231	H1975	49454
Lib90_00232	HCC827	46164
Lib90_00233	HCC827	48165
Lib90_00234	H1975	44283
Lib90_00235	H838	47686
Lib90_00236	H1975	47198
Lib90_00237	H1975	46831
Lib90_00238	H838	45587
Lib90_00239	H838	44369
Lib90_00240	HCC827	46264
Lib90_00241	H2228	47575
Lib90_00242	H1975	45434
Lib90_00243	H838	45999
Lib90_00244	H1975	47014
Lib90_00245	H1975	47279
Lib90_00246	HCC827	46637
Lib90_00247	H1975	49940
Lib90_00248	H838	46049
Lib90_00249	HCC827	50376
Lib90_00250	H838	51005
Lib90_00251	H1975	46881
Lib90_00252	H838	45142
Lib90_00253	H838	44705
Lib90_00254	H1975	47543
Lib90_00255	H1975	44923
Lib90_00256	HCC827	47833
Lib90_00257	H838	43075
Lib90_00258	H1975	39754
Lib90_00259	H838	43848
Lib90_00260	HCC827	49330
Lib90_00261	H838	36841
Lib90_00262	HCC827	47283
Lib90_00263	HCC827	50046
Lib90_00264	H838	44709
Lib90_00265	HCC827	47684
Lib90_00266	H838	44626
Lib90_00267	H838	44805
Lib90_00268	H838	44669
Lib90_00269	HCC827	47256
Lib90_00270	H2228	47894
Lib90_00271	H1975	46454
Lib90_00272	HCC827	44549
Lib90_00273	HCC827	47676
Lib90_00274	H1975	46130
Lib90_00275	H838	42714
Lib90_00276	HCC827	45665
Lib90_00277	H838	47653
Lib90_00278	H1975	45467
Lib90_00279	H838	47096
Lib90_00280	H1975	42047
Lib90_00281	H2228	46907
Lib90_00282	H2228	44289
Lib90_00283	H838	45542
Lib90_00284	H838	42695
Lib90_00285	HCC827	48580
Lib90_00286	HCC827	47913
Lib90_00287	H838	43400
Lib90_00288	H2228	45462
Lib90_00289	H1975	46299
Lib90_00290	H1975	43688
Lib90_00291	H838	44436
Lib90_00292	HCC827	44878
Lib90_00293	H2228	45742
Lib90_00294	H838	43924
Lib90_00295	H2228	46903
Lib90_00296	H2228	41235
Lib90_00297	H1975	46796
Lib90_00298	HCC827	44272
Lib90_00299	H1975	46501
Lib90_00300	H1975	46964
Lib90_00301	H838	42922
Lib90_00302	HCC827	47263
Lib90_00303	H838	43971
Lib90_00304	H838	40867
Lib90_00305	H838	47236
Lib90_00306	H838	43914
Lib90_00307	H838	43346
Lib90_00308	H2228	44514
Lib90_00309	H838	42211
Lib90_00310	H2228	42856
Lib90_00311	A549	48490
Lib90_00312	A549	45913
Lib90_00313	HCC827	45698
Lib90_00314	HCC827	47051
Lib90_00315	H838	46194
Lib90_00316	HCC827	47568
Lib90_00317	HCC827	42191
Lib90_00318	H838	44985
Lib90_00319	H838	44102
Lib90_00320	HCC827	47383
Lib90_00321	H1975	44537
Lib90_00322	H838	43024
Lib90_00323	H838	45020
Lib90_00324	HCC827	45322
Lib90_00325	H838	42254
Lib90_00326	H2228	42625
Lib90_00327	H838	44674
Lib90_00328	H2228	43465
Lib90_00329	HCC827	47578
Lib90_00330	H838	45035
Lib90_00331	H838	43346
Lib90_00332	H838	41746
Lib90_00333	H1975	45614
Lib90_00334	HCC827	49196
Lib90_00335	H2228	44670
Lib90_00336	H838	42193
Lib90_00337	H838	42200
Lib90_00338	H1975	46971
Lib90_00339	H2228	44847
Lib90_00340	H1975	45610
Lib90_00341	HCC827	43825
Lib90_00342	H1975	46185
Lib90_00343	H838	39945
Lib90_00344	H838	42396
Lib90_00345	H838	46185
Lib90_00346	H1975	45785
Lib90_00347	HCC827	45791
Lib90_00348	A549	43796
Lib90_00349	H838	41154
Lib90_00350	H838	42582
Lib90_00351	H838	42475
Lib90_00352	H838	41637
Lib90_00353	H2228	43224
Lib90_00354	A549	42215
Lib90_00355	H838	45047
Lib90_00356	H838	44252
Lib90_00357	H1975	47633
Lib90_00358	H1975	43339
Lib90_00359	H2228	41498
Lib90_00360	H838	42607
Lib90_00361	H838	40038
Lib90_00362	H1975	41074
Lib90_00363	HCC827	45481
Lib90_00364	H1975	42309
Lib90_00365	H1975	44413
Lib90_00366	H1975	41922
Lib90_00367	H838	40868
Lib90_00368	HCC827	44869
Lib90_00369	H838	43565
Lib90_00370	HCC827	44794
Lib90_00371	HCC827	46639
Lib90_00372	HCC827	46230
Lib90_00373	H838	42186
Lib90_00374	H838	44363
Lib90_00375	H838	42791
Lib90_00376	H2228	43503
Lib90_00377	HCC827	42578
Lib90_00378	H838	41858
Lib90_00379	H1975	40890
Lib90_00380	H838	41015
Lib90_00381	H838	44123
Lib90_00382	H1975	45529
Lib90_00383	HCC827	43196
Lib90_00384	H838	44928
Lib90_00385	H1975	43383
Lib90_00386	H838	42948
Lib90_00387	H838	41325
Lib90_00388	A549	47470
Lib90_00389	HCC827	43563
Lib90_00390	H838	40088
Lib90_00391	H1975	41597
Lib90_00392	H1975	45660
Lib90_00393	H1975	43343
Lib90_00394	H1975	42234
Lib90_00395	H838	41521
Lib90_00396	H838	40942
Lib90_00397	H838	43497
Lib90_00398	H838	41105
Lib90_00399	H838	42941
Lib90_00400	H2228	42507
Lib90_00401	H838	39830
Lib90_00402	H838	40450
Lib90_00403	HCC827	43096
Lib90_00404	H2228	38532
Lib90_00405	HCC827	41579
Lib90_00406	H2228	44801
Lib90_00407	H838	43743
Lib90_00408	H838	40520
Lib90_00409	H838	42891
Lib90_00410	H1975	40874
Lib90_00411	H838	41261
Lib90_00412	H838	42161
Lib90_00413	HCC827	44909
Lib90_00414	H838	39868
Lib90_00415	H838	39451
Lib90_00416	H838	41065
Lib90_00417	H2228	43793
Lib90_00418	H1975	42311
Lib90_00419	H838	43347
Lib90_00420	HCC827	43762
Lib90_00421	H1975	39923
Lib90_00422	H838	40817
Lib90_00423	H1975	40746
Lib90_00424	H838	41336
Lib90_00425	H838	43787
Lib90_00426	H838	42913
Lib90_00427	H1975	45405
Lib90_00428	H838	40327
Lib90_00429	H838	40766
Lib90_00430	H838	41849
Lib90_00431	H1975	42079
Lib90_00432	H838	39373
Lib90_00433	H2228	43441
Lib90_00434	H1975	43056
Lib90_00435	H2228	40619
Lib90_00436	H838	38959
Lib90_00437	H838	40893
Lib90_00438	H2228	43845
Lib90_00439	H1975	46304
Lib90_00440	H838	41643
Lib90_00441	H2228	43260
Lib90_00442	HCC827	42158
Lib90_00443	HCC827	43059
Lib90_00444	H1975	41859
Lib90_00445	HCC827	44407
Lib90_00446	H838	38051
Lib90_00447	HCC827	42840
Lib90_00448	HCC827	42161
Lib90_00449	H838	41297
Lib90_00450	H838	41707
Lib90_00451	H838	36821
Lib90_00452	H2228	40822
Lib90_00453	H838	41781
Lib90_00454	H838	41359
Lib90_00455	H838	40081
Lib90_00456	H2228	43141
Lib90_00457	H838	43228
Lib90_00458	H1975	41763
Lib90_00459	H1975	40990
Lib90_00460	H838	38880
Lib90_00461	HCC827	41551
Lib90_00462	H1975	43954
Lib90_00463	H838	39375
Lib90_00464	H838	42498
Lib90_00465	A549	43002
Lib90_00466	H838	39991
Lib90_00467	HCC827	45197
Lib90_00468	H1975	42142
Lib90_00469	H838	39235
Lib90_00470	H838	40340
Lib90_00471	H1975	39184
Lib90_00472	H1975	41423
Lib90_00473	H838	40762
Lib90_00474	H838	39339
Lib90_00475	H1975	43139
Lib90_00476	H1975	43476
Lib90_00477	H838	38944
Lib90_00478	HCC827	42756
Lib90_00479	H838	43253
Lib90_00480	H1975	41564
Lib90_00481	H838	40667
Lib90_00482	H838	41022
Lib90_00483	H1975	42404
Lib90_00484	H1975	41207
Lib90_00485	H838	39913
Lib90_00486	H1975	40932
Lib90_00487	H838	41608
Lib90_00488	H838	40750
Lib90_00489	H838	41591
Lib90_00490	H838	41593
Lib90_00491	H1975	37552
Lib90_00492	H838	40753
Lib90_00493	H838	41672
Lib90_00494	HCC827	42057
Lib90_00495	H1975	40217
Lib90_00496	H838	39938
Lib90_00497	H838	39029
Lib90_00498	HCC827	42454
Lib90_00499	H838	39658
Lib90_00500	H838	39461
Lib90_00501	H838	40718
Lib90_00502	H838	38140
Lib90_00503	H838	39040
Lib90_00504	H1975	42526
Lib90_00505	H838	39781
Lib90_00506	H838	38988
Lib90_00507	HCC827	45055
Lib90_00508	A549	42086
Lib90_00509	H838	44541
Lib90_00510	H838	40986
Lib90_00511	H838	39657
Lib90_00512	HCC827	43390
Lib90_00513	A549	43292
Lib90_00514	H838	39121
Lib90_00515	HCC827	43620
Lib90_00516	H2228	40253
Lib90_00517	H2228	41165
Lib90_00518	HCC827	39624
Lib90_00519	H838	42651
Lib90_00520	HCC827	43462
Lib90_00521	H838	40827
Lib90_00522	H1975	41716
Lib90_00523	H1975	43075
Lib90_00524	H2228	40459
Lib90_00525	H838	36670
Lib90_00526	H838	40964
Lib90_00527	H838	40397
Lib90_00528	HCC827	40633
Lib90_00529	H1975	36949
Lib90_00530	H838	37218
Lib90_00531	H838	39739
Lib90_00532	H838	40702
Lib90_00533	H838	38904
Lib90_00534	HCC827	43265
Lib90_00535	HCC827	42879
Lib90_00536	A549	39955
Lib90_00537	H1975	39862
Lib90_00538	H838	39870
Lib90_00539	H1975	41783
Lib90_00540	A549	41915
Lib90_00541	H1975	39632
Lib90_00542	HCC827	41529
Lib90_00543	HCC827	41744
Lib90_00544	H838	39226
Lib90_00545	HCC827	41972
Lib90_00546	H838	37755
Lib90_00547	H838	39763
Lib90_00548	H1975	40630
Lib90_00549	H1975	41707
Lib90_00550	H1975	38898
Lib90_00551	H838	41849
Lib90_00552	HCC827	41790
Lib90_00553	H2228	41901
Lib90_00554	HCC827	41482
Lib90_00555	H2228	39223
Lib90_00556	H1975	42099
Lib90_00557	H838	36134
Lib90_00558	H2228	39042
Lib90_00559	HCC827	42160
Lib90_00560	H1975	38210
Lib90_00561	HCC827	39902
Lib90_00562	H1975	39137
Lib90_00563	HCC827	41084
Lib90_00564	H838	37229
Lib90_00565	H2228	39846
Lib90_00566	HCC827	39976
Lib90_00567	H838	38180
Lib90_00568	H2228	37717
Lib90_00569	H838	37540
Lib90_00570	HCC827	42028
Lib90_00571	A549	39665
Lib90_00572	H838	40672
Lib90_00573	H1975	43274
Lib90_00574	H838	38395
Lib90_00575	A549	41128
Lib90_00576	H2228	38122
Lib90_00577	HCC827	41448
Lib90_00578	H2228	39159
Lib90_00579	H838	37929
Lib90_00580	H838	40162
Lib90_00581	H2228	39930
Lib90_00582	H838	37881
Lib90_00583	H838	39822
Lib90_00584	HCC827	40053
Lib90_00585	H838	38994
Lib90_00586	H2228	37824
Lib90_00587	H838	39598
Lib90_00588	H838	39635
Lib90_00589	H2228	41322
Lib90_00590	H2228	39177
Lib90_00591	H2228	41217
Lib90_00592	H838	38232
Lib90_00593	H838	38805
Lib90_00594	H1975	42102
Lib90_00595	H2228	39107
Lib90_00596	H838	38014
Lib90_00597	HCC827	39737
Lib90_00598	HCC827	39640
Lib90_00599	HCC827	40331
Lib90_00600	H2228	36779
Lib90_00601	H838	35785
Lib90_00602	H1975	41104
Lib90_00603	H838	39187
Lib90_00604	H1975	39740
Lib90_00605	H838	37576
Lib90_00606	H838	37655
Lib90_00607	H1975	40026
Lib90_00608	H2228	40478
Lib90_00609	H2228	35990
Lib90_00610	H838	35147
Lib90_00611	HCC827	40457
Lib90_00612	H1975	38958
Lib90_00613	H2228	39408
Lib90_00614	A549	40059
Lib90_00615	HCC827	42843
Lib90_00616	H838	37954
Lib90_00617	H1975	39446
Lib90_00618	H838	37200
Lib90_00619	A549	37061
Lib90_00620	H1975	41119
Lib90_00621	A549	41331
Lib90_00622	H838	37973
Lib90_00623	H2228	38651
Lib90_00624	H838	35832
Lib90_00625	H2228	38998
Lib90_00626	H838	37139
Lib90_00627	H2228	38073
Lib90_00628	H838	36922
Lib90_00629	H1975	39904
Lib90_00630	H1975	40459
Lib90_00631	HCC827	39519
Lib90_00632	HCC827	41827
Lib90_00633	H838	37735
Lib90_00634	H1975	38649
Lib90_00635	H838	36551
Lib90_00636	H838	39327
Lib90_00637	H838	35150
Lib90_00638	H2228	36432
Lib90_00639	H1975	40457
Lib90_00640	H1975	39655
Lib90_00641	H838	37876
Lib90_00642	A549	41174
Lib90_00643	H2228	34695
Lib90_00644	HCC827	39021
Lib90_00645	H838	38218
Lib90_00646	H1975	36575
Lib90_00647	H838	38491
Lib90_00648	H2228	37676
Lib90_00649	HCC827	39126
Lib90_00650	H838	35659
Lib90_00651	H838	37046
Lib90_00652	H2228	39536
Lib90_00653	H838	35358
Lib90_00654	A549	39198
Lib90_00655	H1975	37627
Lib90_00656	HCC827	39635
Lib90_00657	H838	37083
Lib90_00658	H838	37813
Lib90_00659	H838	37336
Lib90_00660	H838	37257
Lib90_00661	H1975	40006
Lib90_00662	HCC827	42028
Lib90_00663	H838	37558
Lib90_00664	H2228	38022
Lib90_00665	H838	38534
Lib90_00666	HCC827	35153
Lib90_00667	H838	39223
Lib90_00668	H2228	38952
Lib90_00669	H2228	35691
Lib90_00670	H2228	37144
Lib90_00671	H1975	37559
Lib90_00672	H838	36599
Lib90_00673	H838	38389
Lib90_00674	H838	33939
Lib90_00675	A549	39808
Lib90_00676	HCC827	39848
Lib90_00677	H1975	40189
Lib90_00678	H838	37326
Lib90_00679	HCC827	40465
Lib90_00680	H838	36206
Lib90_00681	H838	36060
Lib90_00682	H838	38495
Lib90_00683	H838	35841
Lib90_00684	H838	36222
Lib90_00685	H2228	36769
Lib90_00686	A549	39227
Lib90_00687	H838	38010
Lib90_00688	H838	36255
Lib90_00689	H838	38224
Lib90_00690	H838	39040
Lib90_00691	HCC827	39524
Lib90_00692	H838	35998
Lib90_00693	H2228	37200
Lib90_00694	H2228	40728
Lib90_00695	H838	38675
Lib90_00696	H838	35690
Lib90_00697	H2228	37263
Lib90_00698	H1975	34466
Lib90_00699	H838	36307
Lib90_00700	HCC827	37730
Lib90_00701	HCC827	37752
Lib90_00702	H838	38216
Lib90_00703	H838	35563
Lib90_00704	H838	37742
Lib90_00705	H2228	35769
Lib90_00706	H1975	37764
Lib90_00707	H2228	35797
Lib90_00708	HCC827	38194
Lib90_00709	H838	36570
Lib90_00710	HCC827	38865
Lib90_00711	H838	36797
Lib90_00712	H838	34927
Lib90_00713	H838	37971
Lib90_00714	H838	37016
Lib90_00715	H1975	38179
Lib90_00716	H2228	36174
Lib90_00717	H2228	37290
Lib90_00718	H1975	35586
Lib90_00719	H838	37782
Lib90_00720	HCC827	40022
Lib90_00721	H2228	38744
Lib90_00722	A549	38195
Lib90_00723	H838	36306
Lib90_00724	H838	35678
Lib90_00725	H838	40110
Lib90_00726	HCC827	31798
Lib90_00727	HCC827	35699
Lib90_00728	HCC827	37712
Lib90_00729	H838	36533
Lib90_00730	H838	40960
Lib90_00731	H838	36789
Lib90_00732	A549	37567
Lib90_00733	HCC827	39107
Lib90_00734	H838	35367
Lib90_00735	H2228	33005
Lib90_00736	H2228	36977
Lib90_00737	H2228	36805
Lib90_00738	H838	35055
Lib90_00739	H2228	37112
Lib90_00740	A549	40087
Lib90_00741	H1975	37897
Lib90_00742	H838	37079
Lib90_00743	H2228	35321
Lib90_00744	H838	35515
Lib90_00745	H2228	37841
Lib90_00746	H838	37126
Lib90_00747	HCC827	38309
Lib90_00748	H2228	35180
Lib90_00749	H2228	38134
Lib90_00750	H838	36410
Lib90_00751	H2228	35759
Lib90_00752	HCC827	37408
Lib90_00753	H2228	36453
Lib90_00754	H838	36396
Lib90_00755	H2228	34604
Lib90_00756	H838	36728
Lib90_00757	A549	37622
Lib90_00758	H1975	37702
Lib90_00759	H838	38423
Lib90_00760	H1975	35364
Lib90_00761	H2228	32229
Lib90_00762	H838	36751
Lib90_00763	H838	37577
Lib90_00764	H2228	35718
Lib90_00765	H838	36866
Lib90_00766	HCC827	35185
Lib90_00767	H838	34853
Lib90_00768	H1975	38340
Lib90_00769	H2228	32647
Lib90_00770	HCC827	36395
Lib90_00771	H838	35505
Lib90_00772	H2228	34012
Lib90_00773	H838	35940
Lib90_00774	HCC827	37297
Lib90_00775	A549	38731
Lib90_00776	A549	37978
Lib90_00777	H1975	38509
Lib90_00778	H1975	33724
Lib90_00779	HCC827	38511
Lib90_00780	A549	38122
Lib90_00781	HCC827	38108
Lib90_00782	A549	38271
Lib90_00783	H838	34944
Lib90_00784	HCC827	36593
Lib90_00785	A549	38195
Lib90_00786	H1975	36762
Lib90_00787	H838	35575
Lib90_00788	H838	36275
Lib90_00789	HCC827	38590
Lib90_00790	H838	35020
Lib90_00791	H2228	34412
Lib90_00792	HCC827	36955
Lib90_00793	H2228	37632
Lib90_00794	H2228	34584
Lib90_00795	H2228	35696
Lib90_00796	A549	35867
Lib90_00797	H2228	36180
Lib90_00798	HCC827	35389
Lib90_00799	H838	35987
Lib90_00800	H838	37481
Lib90_00801	H2228	37167
Lib90_00802	H838	34935
Lib90_00803	HCC827	37395
Lib90_00804	H838	35205
Lib90_00805	H2228	36873
Lib90_00806	H2228	35319
Lib90_00807	H838	35488
Lib90_00808	H838	37027
Lib90_00809	H838	38119
Lib90_00810	H838	35596
Lib90_00811	HCC827	39875
Lib90_00812	H2228	35564
Lib90_00813	HCC827	39212
Lib90_00814	HCC827	37886
Lib90_00815	H1975	37154
Lib90_00816	H838	34580
Lib90_00817	H838	34574
Lib90_00818	H838	33955
Lib90_00819	H2228	34086
Lib90_00820	H838	34407
Lib90_00821	H838	38100
Lib90_00822	H2228	34693
Lib90_00823	A549	35403
Lib90_00824	H838	35570
Lib90_00825	H2228	33305
Lib90_00826	H2228	35175
Lib90_00827	H838	36296
Lib90_00828	HCC827	36211
Lib90_00829	H1975	36155
Lib90_00830	H838	35923
Lib90_00831	HCC827	35641
Lib90_00832	A549	39016
Lib90_00833	H1975	34442
Lib90_00834	HCC827	39501
Lib90_00835	H838	34530
Lib90_00836	HCC827	37477
Lib90_00837	H838	34217
Lib90_00838	H2228	34206
Lib90_00839	H838	35262
Lib90_00840	H838	38433
Lib90_00841	HCC827	35379
Lib90_00842	H838	37369
Lib90_00843	H838	34758
Lib90_00844	H838	35408
Lib90_00845	H2228	35864
Lib90_00846	H838	34093
Lib90_00847	HCC827	37249
Lib90_00848	HCC827	37852
Lib90_00849	A549	36019
Lib90_00850	H1975	34812
Lib90_00851	H838	34495
Lib90_00852	H838	35937
Lib90_00853	H838	35112
Lib90_00854	HCC827	34582
Lib90_00855	HCC827	38716
Lib90_00856	H2228	35329
Lib90_00857	H1975	35607
Lib90_00858	H838	35259
Lib90_00859	HCC827	38460
Lib90_00860	HCC827	38338
Lib90_00861	H2228	33391
Lib90_00862	HCC827	36392
Lib90_00863	H838	33670
Lib90_00864	H1975	36429
Lib90_00865	H1975	35667
Lib90_00866	H838	32651
Lib90_00867	H1975	36142
Lib90_00868	H2228	36817
Lib90_00869	H2228	34438
Lib90_00870	H838	35858
Lib90_00871	H838	35552
Lib90_00872	H838	35047
Lib90_00873	H1975	36663
Lib90_00874	H838	34548
Lib90_00875	A549	33875
Lib90_00876	H1975	34497
Lib90_00877	H1975	35861
Lib90_00878	H838	36044
Lib90_00879	H1975	33865
Lib90_00880	H2228	35029
Lib90_00881	H2228	35775
Lib90_00882	H2228	35384
Lib90_00883	H838	32488
Lib90_00884	H2228	35434
Lib90_00885	HCC827	36214
Lib90_00886	H1975	36157
Lib90_00887	HCC827	35954
Lib90_00888	H2228	34006
Lib90_00889	H2228	35453
Lib90_00890	H838	32696
Lib90_00891	H838	33570
Lib90_00892	H838	32126
Lib90_00893	H1975	32973
Lib90_00894	H2228	34025
Lib90_00895	H2228	33879
Lib90_00896	H2228	32349
Lib90_00897	H2228	30821
Lib90_00898	H2228	35830
Lib90_00899	H838	33821
Lib90_00900	H2228	33148
Lib90_00901	H1975	33540
Lib90_00902	HCC827	37529
Lib90_00903	H838	34338
Lib90_00904	H1975	38073
Lib90_00905	HCC827	34964
Lib90_00906	H838	33133
Lib90_00907	H838	35593
Lib90_00908	HCC827	35504
Lib90_00909	H838	36607
Lib90_00910	A549	37985
Lib90_00911	H2228	35960
Lib90_00912	H2228	33107
Lib90_00913	H838	34528
Lib90_00914	HCC827	35360
Lib90_00915	H1975	34516
Lib90_00916	H838	32568
Lib90_00917	H2228	37101
Lib90_00918	A549	33456
Lib90_00919	H1975	37668
Lib90_00920	H1975	35614
Lib90_00921	H2228	31313
Lib90_00922	H838	37146
Lib90_00923	HCC827	36788
Lib90_00924	H838	33946
Lib90_00925	H838	35067
Lib90_00926	H1975	34168
Lib90_00927	H2228	32920
Lib90_00928	H1975	35710
Lib90_00929	H1975	33156
Lib90_00930	H2228	31563
Lib90_00931	HCC827	33884
Lib90_00932	A549	35438
Lib90_00933	H2228	35333
Lib90_00934	H838	33679
Lib90_00935	H838	35122
Lib90_00936	H838	34277
Lib90_00937	H1975	32830
Lib90_00938	H2228	32636
Lib90_00939	H2228	34934
Lib90_00940	H838	32634
Lib90_00941	H838	32654
Lib90_00942	H838	34373
Lib90_00943	H2228	33174
Lib90_00944	H1975	36160
Lib90_00945	H1975	38232
Lib90_00946	HCC827	33624
Lib90_00947	H838	33923
Lib90_00948	H838	32687
Lib90_00949	H838	33588
Lib90_00950	H838	32999
Lib90_00951	H2228	34496
Lib90_00952	H838	34494
Lib90_00953	HCC827	36568
Lib90_00954	H838	32414
Lib90_00955	A549	36273
Lib90_00956	H2228	33612
Lib90_00957	H2228	33329
Lib90_00958	A549	36706
Lib90_00959	HCC827	36695
Lib90_00960	H838	36835
Lib90_00961	H838	33690
Lib90_00962	H2228	33079
Lib90_00963	HCC827	32881
Lib90_00964	H838	33944
Lib90_00965	HCC827	34953
Lib90_00966	H2228	35146
Lib90_00967	H1975	34322
Lib90_00968	H838	37426
Lib90_00969	H1975	34951
Lib90_00970	H1975	35443
Lib90_00971	H1975	32511
Lib90_00972	H838	32980
Lib90_00973	H838	31151
Lib90_00974	H1975	35069
Lib90_00975	H1975	35107
Lib90_00976	H1975	35188
Lib90_00977	H2228	35537
Lib90_00978	H838	33893
Lib90_00979	H1975	32545
Lib90_00980	H1975	36068
Lib90_00981	H1975	34309
Lib90_00982	H2228	32775
Lib90_00983	H2228	33582
Lib90_00984	H838	35122
Lib90_00985	H2228	33064
Lib90_00986	H1975	34388
Lib90_00987	HCC827	35574
Lib90_00988	H2228	33942
Lib90_00989	H838	33628
Lib90_00990	H1975	33832
Lib90_00991	HCC827	35059
Lib90_00992	HCC827	32380
Lib90_00993	H1975	31518
Lib90_00994	H1975	34657
Lib90_00995	H2228	33887
Lib90_00996	A549	35137
Lib90_00997	H1975	35181
Lib90_00998	H2228	33808
Lib90_00999	H838	30922
Lib90_01000	HCC827	35182
Lib90_01001	A549	32888
Lib90_01002	H2228	32134
Lib90_01003	H838	31771
Lib90_01004	H2228	33786
Lib90_01005	A549	36696
Lib90_01006	HCC827	34284
Lib90_01007	H2228	32744
Lib90_01008	H2228	33659
Lib90_01009	HCC827	33504
Lib90_01010	HCC827	32874
Lib90_01011	H2228	33108
Lib90_01012	HCC827	33072
Lib90_01013	HCC827	34739
Lib90_01014	H838	35019
Lib90_01015	HCC827	33003
Lib90_01016	H2228	33556
Lib90_01017	H838	32950
Lib90_01018	H2228	34141
Lib90_01019	H2228	30918
Lib90_01020	A549	34714
Lib90_01021	HCC827	34487
Lib90_01022	H2228	32042
Lib90_01023	H2228	32947
Lib90_01024	H838	32807
Lib90_01025	H1975	34698
Lib90_01026	H2228	33754
Lib90_01027	H2228	34934
Lib90_01028	H2228	34841
Lib90_01029	H1975	33949
Lib90_01030	H2228	33405
Lib90_01031	H838	32919
Lib90_01032	H2228	32043
Lib90_01033	H838	31680
Lib90_01034	H838	33549
Lib90_01035	A549	35000
Lib90_01036	HCC827	33804
Lib90_01037	H1975	36496
Lib90_01038	HCC827	35503
Lib90_01039	H838	34775
Lib90_01040	H1975	31687
Lib90_01041	H1975	33413
Lib90_01042	HCC827	36867
Lib90_01043	H2228	35504
Lib90_01044	H1975	33018
Lib90_01045	H838	35686
Lib90_01046	HCC827	35306
Lib90_01047	H2228	33831
Lib90_01048	H2228	32860
Lib90_01049	A549	33815
Lib90_01050	HCC827	34214
Lib90_01051	H1975	31860
Lib90_01052	HCC827	33626
Lib90_01053	H2228	32976
Lib90_01054	H2228	33684
Lib90_01055	H838	31314
Lib90_01056	HCC827	32025
Lib90_01057	H1975	34076
Lib90_01058	H1975	32497
Lib90_01059	H2228	33073
Lib90_01060	H2228	33862
Lib90_01061	H2228	32088
Lib90_01062	H2228	35067
Lib90_01063	HCC827	33050
Lib90_01064	H2228	32100
Lib90_01065	H838	33075
Lib90_01066	H838	32886
Lib90_01067	A549	33920
Lib90_01068	A549	33856
Lib90_01069	H838	31640
Lib90_01070	H2228	29563
Lib90_01071	H2228	32684
Lib90_01072	H2228	33655
Lib90_01073	H838	31418
Lib90_01074	HCC827	33520
Lib90_01075	H838	32010
Lib90_01076	H1975	33350
Lib90_01077	H838	29890
Lib90_01078	H2228	30667
Lib90_01079	H2228	32281
Lib90_01080	A549	32582
Lib90_01081	HCC827	34620
Lib90_01082	A549	33387
Lib90_01083	H838	33521
Lib90_01084	A549	34055
Lib90_01085	H838	32203
Lib90_01086	H2228	30678
Lib90_01087	H1975	32833
Lib90_01088	H1975	31520
Lib90_01089	H1975	31924
Lib90_01090	H838	30999
Lib90_01091	H838	32503
Lib90_01092	H838	33147
Lib90_01093	HCC827	33098
Lib90_01094	H2228	31568
Lib90_01095	H838	32085
Lib90_01096	A549	32042
Lib90_01097	A549	32672
Lib90_01098	A549	34556
Lib90_01099	H2228	30719
Lib90_01100	A549	33501
Lib90_01101	A549	34193
Lib90_01102	HCC827	33010
Lib90_01103	A549	35637
Lib90_01104	H2228	32060
Lib90_01105	H838	32041
Lib90_01106	HCC827	33111
Lib90_01107	A549	35241
Lib90_01108	H838	31292
Lib90_01109	H2228	31884
Lib90_01110	A549	34450
Lib90_01111	H2228	33237
Lib90_01112	H838	32003
Lib90_01113	H838	31286
Lib90_01114	H838	34359
Lib90_01115	H2228	31948
Lib90_01116	A549	35634
Lib90_01117	H2228	30359
Lib90_01118	H838	30473
Lib90_01119	HCC827	32146
Lib90_01120	HCC827	31788
Lib90_01121	H1975	31962
Lib90_01122	H2228	32601
Lib90_01123	H838	30730
Lib90_01124	H838	31135
Lib90_01125	H2228	33402
Lib90_01126	H838	32986
Lib90_01127	H1975	34862
Lib90_01128	H838	30762
Lib90_01129	H2228	32421
Lib90_01130	H2228	32354
Lib90_01131	H1975	31818
Lib90_01132	H2228	30411
Lib90_01133	H838	30451
Lib90_01134	HCC827	34361
Lib90_01135	HCC827	33891
Lib90_01136	H2228	31670
Lib90_01137	H2228	33649
Lib90_01138	H1975	35143
Lib90_01139	H838	31942
Lib90_01140	H838	31011
Lib90_01141	H2228	33220
Lib90_01142	HCC827	34281
Lib90_01143	H1975	32113
Lib90_01144	H2228	31639
Lib90_01145	HCC827	32285
Lib90_01146	H1975	31268
Lib90_01147	HCC827	34273
Lib90_01148	A549	32063
Lib90_01149	H838	32431
Lib90_01150	H1975	33180
Lib90_01151	H1975	30780
Lib90_01152	H2228	33688
Lib90_01153	A549	32336
Lib90_01154	H2228	32821
Lib90_01155	H2228	31300
Lib90_01156	H2228	31296
Lib90_01157	H1975	31162
Lib90_01158	H838	30859
Lib90_01159	H1975	29520
Lib90_01160	H1975	35534
Lib90_01161	A549	33485
Lib90_01162	H838	34486
Lib90_01163	H838	31596
Lib90_01164	HCC827	34219
Lib90_01165	H838	32293
Lib90_01166	H1975	33686
Lib90_01167	A549	34738
Lib90_01168	HCC827	31294
Lib90_01169	H838	31098
Lib90_01170	HCC827	33342
Lib90_01171	HCC827	33577
Lib90_01172	H2228	30204
Lib90_01173	HCC827	32884
Lib90_01174	H838	34292
Lib90_01175	H1975	30936
Lib90_01176	H838	31122
Lib90_01177	H2228	30381
Lib90_01178	H2228	31390
Lib90_01179	H838	27830
Lib90_01180	H2228	30344
Lib90_01181	HCC827	31742
Lib90_01182	H1975	34283
Lib90_01183	H2228	30012
Lib90_01184	HCC827	32598
Lib90_01185	H2228	31428
Lib90_01186	H1975	30611
Lib90_01187	H2228	33569
Lib90_01188	H1975	32927
Lib90_01189	HCC827	31419
Lib90_01190	H2228	32075
Lib90_01191	H2228	31255
Lib90_01192	HCC827	31015
Lib90_01193	HCC827	33162
Lib90_01194	H2228	30678
Lib90_01195	H838	31753
Lib90_01196	H1975	30041
Lib90_01197	H2228	29056
Lib90_01198	H2228	31791
Lib90_01199	H1975	30917
Lib90_01200	H2228	30831
Lib90_01201	H2228	30956
Lib90_01202	H2228	30869
Lib90_01203	H838	30919
Lib90_01204	H2228	31094
Lib90_01205	H838	32441
Lib90_01206	H838	30645
Lib90_01207	HCC827	31462
Lib90_01208	H2228	32895
Lib90_01209	H838	29468
Lib90_01210	H838	29972
Lib90_01211	HCC827	32216
Lib90_01212	H1975	31789
Lib90_01213	H838	32518
Lib90_01214	H2228	30488
Lib90_01215	HCC827	29390
Lib90_01216	H2228	29712
Lib90_01217	HCC827	31037
Lib90_01218	H2228	33877
Lib90_01219	H838	31670
Lib90_01220	H2228	30725
Lib90_01221	H1975	32364
Lib90_01222	H838	30359
Lib90_01223	H2228	32078
Lib90_01224	A549	31472
Lib90_01225	H2228	28209
Lib90_01226	HCC827	32475
Lib90_01227	A549	32224
Lib90_01228	H2228	28955
Lib90_01229	H838	30001
Lib90_01230	A549	30972
Lib90_01231	H838	31668
Lib90_01232	A549	32258
Lib90_01233	H2228	29907
Lib90_01234	H838	29292
Lib90_01235	H2228	31153
Lib90_01236	H838	29740
Lib90_01237	HCC827	33220
Lib90_01238	H2228	32644
Lib90_01239	H838	32010
Lib90_01240	H838	31744
Lib90_01241	H2228	32386
Lib90_01242	H2228	29661
Lib90_01243	H1975	31676
Lib90_01244	HCC827	31891
Lib90_01245	H2228	31989
Lib90_01246	H2228	32444
Lib90_01247	H1975	30786
Lib90_01248	HCC827	34348
Lib90_01249	H838	28847
Lib90_01250	HCC827	30637
Lib90_01251	H838	31132
Lib90_01252	H838	30223
Lib90_01253	H1975	32552
Lib90_01254	H838	31869
Lib90_01255	H1975	29926
Lib90_01256	H1975	33835
Lib90_01257	H838	30630
Lib90_01258	H1975	31504
Lib90_01259	H838	30815
Lib90_01260	H838	30966
Lib90_01261	H2228	31328
Lib90_01262	A549	32208
Lib90_01263	H2228	29068
Lib90_01264	H2228	30483
Lib90_01265	H1975	31777
Lib90_01266	H2228	30399
Lib90_01267	H838	29493
Lib90_01268	HCC827	34183
Lib90_01269	H2228	30137
Lib90_01270	A549	32116
Lib90_01271	H838	28981
Lib90_01272	H838	32429
Lib90_01273	H838	29689
Lib90_01274	A549	30775
Lib90_01275	H2228	32681
Lib90_01276	HCC827	33153
Lib90_01277	H838	32661
Lib90_01278	H1975	30660
Lib90_01279	HCC827	31783
Lib90_01280	H2228	28039
Lib90_01281	A549	32806
Lib90_01282	H2228	29415
Lib90_01283	H1975	32342
Lib90_01284	H838	30006
Lib90_01285	A549	30355
Lib90_01286	H838	31841
Lib90_01287	H2228	29993
Lib90_01288	A549	32090
Lib90_01289	H2228	31539
Lib90_01290	H2228	29223
Lib90_01291	H838	29145
Lib90_01292	H838	31311
Lib90_01293	H1975	30168
Lib90_01294	A549	31337
Lib90_01295	H2228	29059
Lib90_01296	A549	32248
Lib90_01297	H2228	32081
Lib90_01298	H2228	29309
Lib90_01299	H838	28968
Lib90_01300	A549	31994
Lib90_01301	H2228	32089
Lib90_01302	HCC827	32637
Lib90_01303	HCC827	33733
Lib90_01304	H838	30120
Lib90_01305	H1975	28852
Lib90_01306	A549	29845
Lib90_01307	A549	32448
Lib90_01308	H838	30293
Lib90_01309	A549	31004
Lib90_01310	H2228	35620
Lib90_01311	A549	30563
Lib90_01312	H2228	32313
Lib90_01313	H2228	31922
Lib90_01314	H838	29489
Lib90_01315	A549	31431
Lib90_01316	H1975	30656
Lib90_01317	H2228	32135
Lib90_01318	A549	30996
Lib90_01319	H1975	32805
Lib90_01320	H838	29908
Lib90_01321	H2228	28993
Lib90_01322	H2228	30365
Lib90_01323	H2228	30592
Lib90_01324	H2228	29883
Lib90_01325	H2228	29399
Lib90_01326	H838	31130
Lib90_01327	HCC827	31144
Lib90_01328	H1975	33771
Lib90_01329	A549	31360
Lib90_01330	H838	30662
Lib90_01331	H2228	30169
Lib90_01332	H838	31636
Lib90_01333	H2228	28128
Lib90_01334	HCC827	32823
Lib90_01335	H838	30329
Lib90_01336	HCC827	30551
Lib90_01337	H2228	30287
Lib90_01338	H1975	31606
Lib90_01339	H838	29389
Lib90_01340	HCC827	31821
Lib90_01341	H838	32209
Lib90_01342	HCC827	32427
Lib90_01343	H2228	33663
Lib90_01344	A549	31305
Lib90_01345	H2228	29838
Lib90_01346	H838	31354
Lib90_01347	H1975	32243
Lib90_01348	H1975	29369
Lib90_01349	H1975	29893
Lib90_01350	H838	28954
Lib90_01351	H838	29223
Lib90_01352	H2228	31173
Lib90_01353	H838	30495
Lib90_01354	H1975	29032
Lib90_01355	A549	30873
Lib90_01356	A549	30394
Lib90_01357	H838	29442
Lib90_01358	HCC827	31674
Lib90_01359	H2228	32020
Lib90_01360	H838	30645
Lib90_01361	H2228	29991
Lib90_01362	H2228	31375
Lib90_01363	H2228	28579
Lib90_01364	H838	28467
Lib90_01365	H2228	31864
Lib90_01366	HCC827	33483
Lib90_01367	HCC827	28829
Lib90_01368	H1975	27565
Lib90_01369	H838	27950
Lib90_01370	H838	28661
Lib90_01371	A549	30975
Lib90_01372	A549	32507
Lib90_01373	H2228	29995
Lib90_01374	HCC827	30878
Lib90_01375	H1975	30003
Lib90_01376	H2228	28424
Lib90_01377	HCC827	33786
Lib90_01378	H838	28429
Lib90_01379	H2228	29040
Lib90_01380	A549	31390
Lib90_01381	H2228	27681
Lib90_01382	H838	29377
Lib90_01383	H838	29667
Lib90_01384	A549	31641
Lib90_01385	A549	29203
Lib90_01386	HCC827	33174
Lib90_01387	A549	32074
Lib90_01388	H2228	28214
Lib90_01389	H838	30588
Lib90_01390	A549	29623
Lib90_01391	HCC827	31181
Lib90_01392	HCC827	33090
Lib90_01393	H2228	29145
Lib90_01394	H1975	31238
Lib90_01395	H838	31837
Lib90_01396	H838	29812
Lib90_01397	H838	28441
Lib90_01398	H2228	29915
Lib90_01399	H2228	30504
Lib90_01400	H2228	30904
Lib90_01401	H2228	28259
Lib90_01402	HCC827	28850
Lib90_01403	H2228	27654
Lib90_01404	H838	30000
Lib90_01405	A549	29366
Lib90_01406	HCC827	30310
Lib90_01407	A549	33025
Lib90_01408	A549	30642
Lib90_01409	HCC827	31488
Lib90_01410	A549	29473
Lib90_01411	A549	30021
Lib90_01412	H2228	30145
Lib90_01413	HCC827	31725
Lib90_01414	HCC827	31632
Lib90_01415	A549	30452
Lib90_01416	H838	29731
Lib90_01417	H838	30581
Lib90_01418	A549	30177
Lib90_01419	H838	28854
Lib90_01420	HCC827	32768
Lib90_01421	H2228	29925
Lib90_01422	H838	29059
Lib90_01423	HCC827	30475
Lib90_01424	A549	32172
Lib90_01425	H2228	29374
Lib90_01426	H2228	28401
Lib90_01427	H838	29951
Lib90_01428	H2228	29889
Lib90_01429	H1975	30175
Lib90_01430	H2228	30074
Lib90_01431	HCC827	31410
Lib90_01432	H2228	30588
Lib90_01433	HCC827	31302
Lib90_01434	H1975	25395
Lib90_01435	HCC827	30297
Lib90_01436	H838	30965
Lib90_01437	HCC827	30929
Lib90_01438	H1975	31064
Lib90_01439	A549	30126
Lib90_01440	H2228	27239
Lib90_01441	H2228	30545
Lib90_01442	H2228	29820
Lib90_01443	HCC827	29739
Lib90_01444	H2228	31484
Lib90_01445	H1975	27838
Lib90_01446	H2228	28593
Lib90_01447	H1975	29527
Lib90_01448	A549	28580
Lib90_01449	H2228	26463
Lib90_01450	H2228	29788
Lib90_01451	H838	29189
Lib90_01452	H838	31219
Lib90_01453	H838	28615
Lib90_01454	H838	30562
Lib90_01455	H1975	31691
Lib90_01456	H838	29890
Lib90_01457	H1975	30975
Lib90_01458	H2228	26856
Lib90_01459	H1975	28096
Lib90_01460	H838	28661
Lib90_01461	H1975	29147
Lib90_01462	HCC827	29242
Lib90_01463	H2228	29565
Lib90_01464	HCC827	31358
Lib90_01465	HCC827	30159
Lib90_01466	A549	30935
Lib90_01467	A549	31063
Lib90_01468	H838	29688
Lib90_01469	A549	31534
Lib90_01470	HCC827	31150
Lib90_01471	H838	29538
Lib90_01472	HCC827	30115
Lib90_01473	H2228	27594
Lib90_01474	H2228	31768
Lib90_01475	H1975	31275
Lib90_01476	H2228	29401
Lib90_01477	H2228	30216
Lib90_01478	HCC827	30913
Lib90_01479	A549	31064
Lib90_01480	H2228	33662
Lib90_01481	H2228	29478
Lib90_01482	H2228	29942
Lib90_01483	H838	27829
Lib90_01484	A549	30090
Lib90_01485	A549	28888
Lib90_01486	A549	30429
Lib90_01487	H838	27285
Lib90_01488	A549	28916
Lib90_01489	H2228	28604
Lib90_01490	HCC827	29977
Lib90_01491	H2228	30218
Lib90_01492	H1975	30507
Lib90_01493	HCC827	28484
Lib90_01494	H838	29142
Lib90_01495	H2228	29120
Lib90_01496	H2228	30104
Lib90_01497	H1975	29336
Lib90_01498	A549	30510
Lib90_01499	A549	30596
Lib90_01500	H2228	30697
Lib90_01501	HCC827	30478
Lib90_01502	A549	28792
Lib90_01503	H2228	29947
Lib90_01504	H838	29249
Lib90_01505	A549	28819
Lib90_01506	A549	28386
Lib90_01507	H2228	29529
Lib90_01508	H838	29863
Lib90_01509	HCC827	30755
Lib90_01510	H838	27375
Lib90_01511	H2228	29363
Lib90_01512	H838	28864
Lib90_01513	H2228	31064
Lib90_01514	H1975	26653
Lib90_01515	H838	28194
Lib90_01516	A549	28729
Lib90_01517	A549	27524
Lib90_01518	A549	28397
Lib90_01519	A549	30506
Lib90_01520	H2228	27448
Lib90_01521	H2228	30321
Lib90_01522	A549	26944
Lib90_01523	H2228	28896
Lib90_01524	H838	26933
Lib90_01525	A549	27753
Lib90_01526	HCC827	30793
Lib90_01527	H2228	29319
Lib90_01528	HCC827	29860
Lib90_01529	A549	29887
Lib90_01530	H2228	28329
Lib90_01531	HCC827	27310
Lib90_01532	H838	28060
Lib90_01533	H838	28693
Lib90_01534	H838	28843
Lib90_01535	H2228	26911
Lib90_01536	HCC827	29752
Lib90_01537	HCC827	30733
Lib90_01538	H838	29011
Lib90_01539	H1975	29172
Lib90_01540	H838	29327
Lib90_01541	HCC827	30511
Lib90_01542	A549	29658
Lib90_01543	A549	29892
Lib90_01544	H2228	27919
Lib90_01545	H2228	28560
Lib90_01546	A549	27210
Lib90_01547	H838	27515
Lib90_01548	A549	28319
Lib90_01549	A549	28749
Lib90_01550	H838	26989
Lib90_01551	H2228	27353
Lib90_01552	H2228	29431
Lib90_01553	H1975	30263
Lib90_01554	A549	31256
Lib90_01555	H2228	28057
Lib90_01556	H1975	29956
Lib90_01557	HCC827	28224
Lib90_01558	H1975	28201
Lib90_01559	H2228	26464
Lib90_01560	A549	28696
Lib90_01561	HCC827	29217
Lib90_01562	A549	29280
Lib90_01563	HCC827	30480
Lib90_01564	H1975	29351
Lib90_01565	HCC827	31246
Lib90_01566	H2228	27998
Lib90_01567	H838	29070
Lib90_01568	H2228	30037
Lib90_01569	HCC827	30770
Lib90_01570	H1975	28739
Lib90_01571	H2228	27760
Lib90_01572	A549	28147
Lib90_01573	H2228	28259
Lib90_01574	A549	29430
Lib90_01575	H838	27101
Lib90_01576	A549	27785
Lib90_01577	H838	29336
Lib90_01578	H838	27830
Lib90_01579	A549	27160
Lib90_01580	H1975	27815
Lib90_01581	H2228	28752
Lib90_01582	H1975	29802
Lib90_01583	H2228	27730
Lib90_01584	H1975	29299
Lib90_01585	H1975	30851
Lib90_01586	H2228	28056
Lib90_01587	HCC827	29792
Lib90_01588	H2228	25750
Lib90_01589	A549	31326
Lib90_01590	H838	29490
Lib90_01591	A549	28883
Lib90_01592	H2228	27804
Lib90_01593	HCC827	28832
Lib90_01594	H2228	27569
Lib90_01595	H2228	27730
Lib90_01596	A549	27856
Lib90_01597	H2228	26420
Lib90_01598	H838	25586
Lib90_01599	H1975	30327
Lib90_01600	H838	27400
Lib90_01601	H838	29388
Lib90_01602	HCC827	26650
Lib90_01603	H1975	27156
Lib90_01604	H2228	27183
Lib90_01605	H838	26784
Lib90_01606	A549	29077
Lib90_01607	H1975	27467
Lib90_01608	A549	28708
Lib90_01609	H2228	26773
Lib90_01610	H2228	29029
Lib90_01611	H1975	28441
Lib90_01612	HCC827	30255
Lib90_01613	A549	28702
Lib90_01614	H2228	27995
Lib90_01615	H2228	27009
Lib90_01616	H2228	27879
Lib90_01617	H2228	28561
Lib90_01618	HCC827	27196
Lib90_01619	H2228	29267
Lib90_01620	H2228	27624
Lib90_01621	H838	27660
Lib90_01622	H2228	26276
Lib90_01623	A549	29301
Lib90_01624	A549	29556
Lib90_01625	HCC827	32835
Lib90_01626	H1975	28386
Lib90_01627	A549	28408
Lib90_01628	H2228	27316
Lib90_01629	HCC827	28492
Lib90_01630	HCC827	31643
Lib90_01631	HCC827	30505
Lib90_01632	H838	29167
Lib90_01633	HCC827	28451
Lib90_01634	A549	28960
Lib90_01635	HCC827	29064
Lib90_01636	H1975	28170
Lib90_01637	A549	28661
Lib90_01638	H1975	28198
Lib90_01639	A549	30741
Lib90_01640	HCC827	29277
Lib90_01641	A549	27606
Lib90_01642	HCC827	28647
Lib90_01643	H2228	29152
Lib90_01644	A549	25836
Lib90_01645	HCC827	28843
Lib90_01646	A549	29717
Lib90_01647	A549	30889
Lib90_01648	H1975	27767
Lib90_01649	H2228	27094
Lib90_01650	A549	28136
Lib90_01651	HCC827	30549
Lib90_01652	H2228	28593
Lib90_01653	HCC827	29215
Lib90_01654	A549	27751
Lib90_01655	HCC827	28641
Lib90_01656	H2228	27304
Lib90_01657	A549	27585
Lib90_01658	A549	26528
Lib90_01659	H838	25509
Lib90_01660	H2228	28217
Lib90_01661	A549	27944
Lib90_01662	HCC827	28554
Lib90_01663	H1975	28198
Lib90_01664	A549	28344
Lib90_01665	A549	27482
Lib90_01666	HCC827	29407
Lib90_01667	H2228	27392
Lib90_01668	H2228	27731
Lib90_01669	A549	30245
Lib90_01670	A549	27836
Lib90_01671	A549	27988
Lib90_01672	H2228	26710
Lib90_01673	HCC827	28565
Lib90_01674	H2228	29449
Lib90_01675	HCC827	28594
Lib90_01676	H2228	26748
Lib90_01677	H2228	29348
Lib90_01678	A549	27270
Lib90_01679	H838	26402
Lib90_01680	A549	28778
Lib90_01681	H2228	27323
Lib90_01682	H2228	27186
Lib90_01683	H1975	27557
Lib90_01684	HCC827	28603
Lib90_01685	A549	26804
Lib90_01686	A549	27776
Lib90_01687	A549	28111
Lib90_01688	HCC827	26293
Lib90_01689	HCC827	29485
Lib90_01690	H838	27510
Lib90_01691	H838	28881
Lib90_01692	HCC827	26427
Lib90_01693	H2228	25764
Lib90_01694	H838	26967
Lib90_01695	A549	26556
Lib90_01696	A549	25987
Lib90_01697	H2228	27804
Lib90_01698	H2228	28696
Lib90_01699	H1975	24982
Lib90_01700	H2228	26907
Lib90_01701	HCC827	27053
Lib90_01702	A549	28768
Lib90_01703	H2228	28546
Lib90_01704	H838	26258
Lib90_01705	A549	27447
Lib90_01706	HCC827	28872
Lib90_01707	H838	26620
Lib90_01708	HCC827	30278
Lib90_01709	H1975	27350
Lib90_01710	A549	27631
Lib90_01711	H2228	27354
Lib90_01712	A549	27360
Lib90_01713	HCC827	27306
Lib90_01714	A549	27570
Lib90_01715	H2228	27866
Lib90_01716	H2228	25815
Lib90_01717	H1975	26504
Lib90_01718	H1975	25161
Lib90_01719	H1975	26160
Lib90_01720	A549	27635
Lib90_01721	H2228	26572
Lib90_01722	A549	28323
Lib90_01723	H2228	27480
Lib90_01724	H2228	25174
Lib90_01725	A549	26833
Lib90_01726	A549	27741
Lib90_01727	H838	26959
Lib90_01728	H838	25300
Lib90_01729	A549	26658
Lib90_01730	H2228	29790
Lib90_01731	H2228	27632
Lib90_01732	H838	27515
Lib90_01733	H838	25612
Lib90_01734	H2228	27864
Lib90_01735	H838	28509
Lib90_01736	H1975	24936
Lib90_01737	H1975	26407
Lib90_01738	H2228	28270
Lib90_01739	H2228	27334
Lib90_01740	H838	25155
Lib90_01741	H2228	27515
Lib90_01742	A549	29543
Lib90_01743	A549	26983
Lib90_01744	H838	27844
Lib90_01745	A549	27446
Lib90_01746	HCC827	26896
Lib90_01747	A549	26818
Lib90_01748	A549	28109
Lib90_01749	H1975	27968
Lib90_01750	H2228	25603
Lib90_01751	HCC827	28051
Lib90_01752	A549	25345
Lib90_01753	HCC827	26389
Lib90_01754	H1975	27097
Lib90_01755	A549	28545
Lib90_01756	A549	29269
Lib90_01757	H2228	28356
Lib90_01758	H838	25661
Lib90_01759	H2228	25946
Lib90_01760	HCC827	28600
Lib90_01761	A549	27401
Lib90_01762	H2228	25596
Lib90_01763	HCC827	27281
Lib90_01764	A549	26232
Lib90_01765	H2228	26628
Lib90_01766	A549	27117
Lib90_01767	HCC827	27070
Lib90_01768	A549	26182
Lib90_01769	H2228	26212
Lib90_01770	H838	27088
Lib90_01771	HCC827	28728
Lib90_01772	H2228	27271
Lib90_01773	A549	27081
Lib90_01774	A549	27390
Lib90_01775	A549	25575
Lib90_01776	H838	27017
Lib90_01777	A549	29985
Lib90_01778	H1975	24540
Lib90_01779	H838	25255
Lib90_01780	H838	26509
Lib90_01781	HCC827	27144
Lib90_01782	H2228	28168
Lib90_01783	H2228	25567
Lib90_01784	HCC827	26786
Lib90_01785	H1975	26632
Lib90_01786	H2228	26688
Lib90_01787	H2228	27173
Lib90_01788	A549	28178
Lib90_01789	H2228	25348
Lib90_01790	HCC827	24812
Lib90_01791	H2228	28132
Lib90_01792	H1975	27612
Lib90_01793	H838	25672
Lib90_01794	H2228	26656
Lib90_01795	H2228	27302
Lib90_01796	H2228	27128
Lib90_01797	A549	24253
Lib90_01798	H2228	25227
Lib90_01799	A549	26091
Lib90_01800	H2228	26419
Lib90_01801	H2228	24090
Lib90_01802	A549	26950
Lib90_01803	HCC827	26175
Lib90_01804	H2228	27098
Lib90_01805	HCC827	27284
Lib90_01806	A549	27119
Lib90_01807	H1975	25293
Lib90_01808	H2228	24914
Lib90_01809	H2228	26518
Lib90_01810	H2228	26639
Lib90_01811	H2228	26293
Lib90_01812	H2228	27282
Lib90_01813	A549	26895
Lib90_01814	H2228	24411
Lib90_01815	HCC827	24015
Lib90_01816	A549	26784
Lib90_01817	H2228	26212
Lib90_01818	A549	25264
Lib90_01819	H2228	25270
Lib90_01820	H838	27722
Lib90_01821	H838	26048
Lib90_01822	HCC827	27192
Lib90_01823	HCC827	26829
Lib90_01824	H2228	26290
Lib90_01825	A549	28141
Lib90_01826	H2228	26141
Lib90_01827	A549	26832
Lib90_01828	A549	28157
Lib90_01829	H838	27106
Lib90_01830	H2228	25773
Lib90_01831	H2228	26103
Lib90_01832	H1975	26651
Lib90_01833	H2228	25661
Lib90_01834	A549	26088
Lib90_01835	H838	28593
Lib90_01836	H1975	25126
Lib90_01837	H1975	26107
Lib90_01838	H2228	27432
Lib90_01839	H838	26298
Lib90_01840	H2228	24860
Lib90_01841	H2228	27474
Lib90_01842	HCC827	28447
Lib90_01843	H2228	27182
Lib90_01844	H1975	22967
Lib90_01845	A549	27171
Lib90_01846	H838	25078
Lib90_01847	H2228	26790
Lib90_01848	H1975	26840
Lib90_01849	A549	25778
Lib90_01850	H838	25494
Lib90_01851	H838	26248
Lib90_01852	H838	27080
Lib90_01853	H838	27218
Lib90_01854	HCC827	26833
Lib90_01855	HCC827	28669
Lib90_01856	A549	25862
Lib90_01857	H2228	28899
Lib90_01858	H2228	26200
Lib90_01859	H2228	26569
Lib90_01860	H1975	27460
Lib90_01861	A549	26825
Lib90_01862	H2228	25132
Lib90_01863	A549	26575
Lib90_01864	A549	25718
Lib90_01865	H838	25144
Lib90_01866	A549	27419
Lib90_01867	H838	25331
Lib90_01868	H2228	25229
Lib90_01869	A549	25420
Lib90_01870	A549	27099
Lib90_01871	HCC827	27700
Lib90_01872	H2228	27688
Lib90_01873	HCC827	24007
Lib90_01874	H2228	25363
Lib90_01875	A549	27047
Lib90_01876	A549	24555
Lib90_01877	H838	25812
Lib90_01878	A549	28029
Lib90_01879	A549	25575
Lib90_01880	H2228	25670
Lib90_01881	H2228	25690
Lib90_01882	A549	25374
Lib90_01883	A549	26211
Lib90_01884	A549	25087
Lib90_01885	H838	26794
Lib90_01886	A549	26273
Lib90_01887	H2228	25686
Lib90_01888	A549	25162
Lib90_01889	A549	25175
Lib90_01890	H2228	25755
Lib90_01891	HCC827	26285
Lib90_01892	H2228	24403
Lib90_01893	HCC827	26271
Lib90_01894	A549	27299
Lib90_01895	H2228	24896
Lib90_01896	A549	26285
Lib90_01897	A549	25634
Lib90_01898	HCC827	24069
Lib90_01899	A549	25218
Lib90_01900	H2228	25200
Lib90_01901	A549	25605
Lib90_01902	H2228	26626
Lib90_01903	HCC827	26447
Lib90_01904	A549	25913
Lib90_01905	A549	27634
Lib90_01906	H2228	25367
Lib90_01907	A549	25956
Lib90_01908	H2228	25093
Lib90_01909	H2228	24506
Lib90_01910	H1975	24681
Lib90_01911	H2228	27027
Lib90_01912	H2228	26305
Lib90_01913	HCC827	26742
Lib90_01914	HCC827	27081
Lib90_01915	H2228	24240
Lib90_01916	HCC827	26282
Lib90_01917	HCC827	26513
Lib90_01918	A549	26035
Lib90_01919	H2228	24588
Lib90_01920	H1975	26584
Lib90_01921	H838	24752
Lib90_01922	A549	26480
Lib90_01923	H1975	25818
Lib90_01924	H2228	23784
Lib90_01925	HCC827	23480
Lib90_01926	H2228	25882
Lib90_01927	A549	26370
Lib90_01928	H2228	25934
Lib90_01929	A549	24181
Lib90_01930	HCC827	25922
Lib90_01931	H2228	25342
Lib90_01932	A549	25764
Lib90_01933	A549	26400
Lib90_01934	H2228	25271
Lib90_01935	A549	26417
Lib90_01936	H2228	24024
Lib90_01937	A549	27114
Lib90_01938	A549	25504
Lib90_01939	H838	26405
Lib90_01940	H2228	25609
Lib90_01941	H1975	26138
Lib90_01942	H2228	26072
Lib90_01943	A549	26666
Lib90_01944	A549	26618
Lib90_01945	A549	25601
Lib90_01946	H838	24893
Lib90_01947	H838	23518
Lib90_01948	A549	27314
Lib90_01949	H2228	23639
Lib90_01950	H1975	24206
Lib90_01951	H838	24584
Lib90_01952	H1975	23569
Lib90_01953	A549	25050
Lib90_01954	A549	26077
Lib90_01955	H838	26243
Lib90_01956	A549	26708
Lib90_01957	H838	21612
Lib90_01958	H1975	26798
Lib90_01959	H1975	23269
Lib90_01960	A549	25857
Lib90_01961	H1975	24206
Lib90_01962	H838	23750
Lib90_01963	H2228	22776
Lib90_01964	A549	26024
Lib90_01965	A549	25797
Lib90_01966	H2228	26196
Lib90_01967	A549	25922
Lib90_01968	H2228	26093
Lib90_01969	H1975	22711
Lib90_01970	H838	25311
Lib90_01971	A549	25791
Lib90_01972	H1975	22226
Lib90_01973	A549	25260
Lib90_01974	A549	26127
Lib90_01975	A549	26325
Lib90_01976	H1975	22824
Lib90_01977	H2228	25076
Lib90_01978	H2228	25063
Lib90_01979	H2228	26840
Lib90_01980	HCC827	26032
Lib90_01981	A549	25005
Lib90_01982	A549	25062
Lib90_01983	A549	24449
Lib90_01984	H1975	26004
Lib90_01985	H2228	23685
Lib90_01986	HCC827	27267
Lib90_01987	A549	23310
Lib90_01988	A549	26350
Lib90_01989	H2228	24648
Lib90_01990	HCC827	26276
Lib90_01991	A549	25021
Lib90_01992	A549	26710
Lib90_01993	H2228	24053
Lib90_01994	A549	26559
Lib90_01995	A549	26386
Lib90_01996	H838	25079
Lib90_01997	A549	27052
Lib90_01998	H838	24102
Lib90_01999	A549	25182
Lib90_02000	HCC827	24887
Lib90_02001	A549	25742
Lib90_02002	HCC827	25747
Lib90_02003	H1975	24871
Lib90_02004	A549	26972
Lib90_02005	A549	26207
Lib90_02006	H1975	25331
Lib90_02007	H2228	23987
Lib90_02008	H838	23433
Lib90_02009	A549	26224
Lib90_02010	H1975	24586
Lib90_02011	H838	25471
Lib90_02012	A549	26270
Lib90_02013	H838	25603
Lib90_02014	H838	24240
Lib90_02015	A549	24304
Lib90_02016	H838	25086
Lib90_02017	H2228	23587
Lib90_02018	H2228	25527
Lib90_02019	HCC827	26063
Lib90_02020	HCC827	25617
Lib90_02021	H838	24445
Lib90_02022	H1975	24232
Lib90_02023	H2228	25702
Lib90_02024	H1975	24061
Lib90_02025	H2228	24559
Lib90_02026	H2228	24405
Lib90_02027	H838	22047
Lib90_02028	HCC827	25623
Lib90_02029	H2228	23877
Lib90_02030	H2228	25476
Lib90_02031	H1975	24880
Lib90_02032	A549	23982
Lib90_02033	A549	23854
Lib90_02034	A549	24765
Lib90_02035	A549	25312
Lib90_02036	H2228	23441
Lib90_02037	H2228	24892
Lib90_02038	H838	26492
Lib90_02039	H2228	24641
Lib90_02040	HCC827	25115
Lib90_02041	A549	26662
Lib90_02042	A549	24236
Lib90_02043	A549	25330
Lib90_02044	H838	25271
Lib90_02045	A549	25402
Lib90_02046	H2228	24621
Lib90_02047	A549	26164
Lib90_02048	A549	26459
Lib90_02049	H1975	23289
Lib90_02050	H2228	23572
Lib90_02051	A549	26318
Lib90_02052	A549	24037
Lib90_02053	A549	25335
Lib90_02054	HCC827	25169
Lib90_02055	H2228	24686
Lib90_02056	H2228	25308
Lib90_02057	H2228	26398
Lib90_02058	H2228	24660
Lib90_02059	A549	24584
Lib90_02060	H1975	22663
Lib90_02061	H838	24584
Lib90_02062	A549	26519
Lib90_02063	HCC827	23224
Lib90_02064	H1975	24338
Lib90_02065	H1975	23351
Lib90_02066	A549	24944
Lib90_02067	H838	25977
Lib90_02068	A549	25110
Lib90_02069	HCC827	23619
Lib90_02070	A549	24264
Lib90_02071	H1975	23314
Lib90_02072	A549	24828
Lib90_02073	HCC827	23694
Lib90_02074	H2228	25004
Lib90_02075	A549	25611
Lib90_02076	H2228	22893
Lib90_02077	A549	24843
Lib90_02078	A549	24297
Lib90_02079	H2228	22673
Lib90_02080	H2228	25951
Lib90_02081	A549	24061
Lib90_02082	A549	24971
Lib90_02083	A549	23225
Lib90_02084	A549	23112
Lib90_02085	A549	26055
Lib90_02086	H2228	25060
Lib90_02087	H2228	24044
Lib90_02088	A549	23893
Lib90_02089	H1975	25076
Lib90_02090	H1975	25707
Lib90_02091	H838	21279
Lib90_02092	A549	24664
Lib90_02093	HCC827	24378
Lib90_02094	A549	23546
Lib90_02095	A549	26183
Lib90_02096	H1975	25452
Lib90_02097	A549	24335
Lib90_02098	H1975	25621
Lib90_02099	H838	22781
Lib90_02100	A549	24676
Lib90_02101	A549	25570
Lib90_02102	A549	24090
Lib90_02103	H2228	23395
Lib90_02104	A549	23171
Lib90_02105	HCC827	23381
Lib90_02106	HCC827	23008
Lib90_02107	A549	25484
Lib90_02108	A549	25263
Lib90_02109	A549	21653
Lib90_02110	A549	23117
Lib90_02111	H838	22622
Lib90_02112	A549	24074
Lib90_02113	H2228	25121
Lib90_02114	A549	24783
Lib90_02115	H2228	23364
Lib90_02116	H2228	24882
Lib90_02117	A549	25752
Lib90_02118	A549	25088
Lib90_02119	A549	25121
Lib90_02120	A549	25399
Lib90_02121	H2228	23240
Lib90_02122	H838	23323
Lib90_02123	A549	26036
Lib90_02124	A549	22534
Lib90_02125	HCC827	26875
Lib90_02126	A549	24149
Lib90_02127	H2228	24805
Lib90_02128	H2228	21907
Lib90_02129	H2228	24301
Lib90_02130	HCC827	25186
Lib90_02131	H2228	23689
Lib90_02132	H838	25333
Lib90_02133	H2228	24867
Lib90_02134	H2228	23723
Lib90_02135	H838	22709
Lib90_02136	HCC827	23800
Lib90_02137	A549	25335
Lib90_02138	H2228	23967
Lib90_02139	H1975	28060
Lib90_02140	HCC827	22166
Lib90_02141	A549	23563
Lib90_02142	A549	26089
Lib90_02143	H1975	26384
Lib90_02144	A549	24031
Lib90_02145	HCC827	23311
Lib90_02146	H2228	26293
Lib90_02147	HCC827	24207
Lib90_02148	H2228	24908
Lib90_02149	H2228	20951
Lib90_02150	A549	23232
Lib90_02151	A549	24060
Lib90_02152	A549	23836
Lib90_02153	H1975	23031
Lib90_02154	A549	24264
Lib90_02155	H838	22579
Lib90_02156	A549	24232
Lib90_02157	H2228	23699
Lib90_02158	H1975	25754
Lib90_02159	A549	24494
Lib90_02160	A549	24676
Lib90_02161	A549	24830
Lib90_02162	H838	22860
Lib90_02163	A549	24469
Lib90_02164	A549	24165
Lib90_02165	H2228	24948
Lib90_02166	A549	24709
Lib90_02167	A549	25843
Lib90_02168	A549	25324
Lib90_02169	A549	23925
Lib90_02170	H838	22367
Lib90_02171	A549	23701
Lib90_02172	A549	24528
Lib90_02173	A549	24232
Lib90_02174	A549	23551
Lib90_02175	A549	25889
Lib90_02176	A549	24381
Lib90_02177	H1975	21826
Lib90_02178	H2228	22723
Lib90_02179	HCC827	23351
Lib90_02180	HCC827	23540
Lib90_02181	A549	23776
Lib90_02182	HCC827	24890
Lib90_02183	A549	24292
Lib90_02184	H2228	22884
Lib90_02185	A549	24402
Lib90_02186	A549	23178
Lib90_02187	A549	25627
Lib90_02188	H1975	23724
Lib90_02189	H1975	23725
Lib90_02190	A549	23700
Lib90_02191	H838	22549
Lib90_02192	H2228	24559
Lib90_02193	H1975	24279
Lib90_02194	H2228	23245
Lib90_02195	H1975	23451
Lib90_02196	H838	22938
Lib90_02197	HCC827	23290
Lib90_02198	A549	22613
Lib90_02199	HCC827	22228
Lib90_02200	H838	23151
Lib90_02201	A549	24613
Lib90_02202	H2228	23589
Lib90_02203	A549	25997
Lib90_02204	H838	22566
Lib90_02205	H2228	24663
Lib90_02206	A549	23607
Lib90_02207	HCC827	25514
Lib90_02208	HCC827	23578
Lib90_02209	H838	19164
Lib90_02210	A549	24053
Lib90_02211	H2228	24269
Lib90_02212	H1975	23013
Lib90_02213	A549	25446
Lib90_02214	A549	23543
Lib90_02215	A549	22235
Lib90_02216	A549	24565
Lib90_02217	A549	24795
Lib90_02218	H1975	23943
Lib90_02219	A549	24645
Lib90_02220	A549	24065
Lib90_02221	H2228	23272
Lib90_02222	A549	23039
Lib90_02223	A549	21786
Lib90_02224	A549	22815
Lib90_02225	H838	21608
Lib90_02226	H1975	24028
Lib90_02227	A549	23573
Lib90_02228	HCC827	23269
Lib90_02229	A549	23454
Lib90_02230	A549	22508
Lib90_02231	HCC827	23140
Lib90_02232	A549	24302
Lib90_02233	A549	24333
Lib90_02234	A549	24129
Lib90_02235	A549	23476
Lib90_02236	A549	23997
Lib90_02237	A549	24143
Lib90_02238	H2228	24088
Lib90_02239	A549	23424
Lib90_02240	A549	23881
Lib90_02241	HCC827	23829
Lib90_02242	H838	21639
Lib90_02243	A549	22887
Lib90_02244	H838	24183
Lib90_02245	HCC827	24864
Lib90_02246	A549	24102
Lib90_02247	H1975	23002
Lib90_02248	H2228	23107
Lib90_02249	H838	20908
Lib90_02250	A549	23240
Lib90_02251	A549	22881
Lib90_02252	H1975	22152
Lib90_02253	A549	22188
Lib90_02254	H2228	23248
Lib90_02255	A549	24159
Lib90_02256	A549	24299
Lib90_02257	H2228	20471
Lib90_02258	H2228	23915
Lib90_02259	A549	23429
Lib90_02260	A549	24112
Lib90_02261	H838	23303
Lib90_02262	H838	23591
Lib90_02263	H2228	21206
Lib90_02264	A549	22349
Lib90_02265	H838	22651
Lib90_02266	A549	25234
Lib90_02267	A549	23083
Lib90_02268	A549	23816
Lib90_02269	A549	22858
Lib90_02270	H838	21101
Lib90_02271	H838	21918
Lib90_02272	A549	24861
Lib90_02273	A549	23291
Lib90_02274	H1975	23258
Lib90_02275	A549	23651
Lib90_02276	A549	23456
Lib90_02277	H838	23037
Lib90_02278	H2228	22040
Lib90_02279	H838	22565
Lib90_02280	H2228	22754
Lib90_02281	A549	22599
Lib90_02282	A549	24576
Lib90_02283	A549	23968
Lib90_02284	A549	23005
Lib90_02285	A549	23459
Lib90_02286	A549	23308
Lib90_02287	A549	23329
Lib90_02288	H838	20663
Lib90_02289	A549	23733
Lib90_02290	H838	23556
Lib90_02291	H2228	23465
Lib90_02292	H1975	23754
Lib90_02293	H1975	23553
Lib90_02294	H838	23146
Lib90_02295	H2228	24454
Lib90_02296	A549	22667
Lib90_02297	A549	24646
Lib90_02298	A549	22890
Lib90_02299	A549	22693
Lib90_02300	A549	22234
Lib90_02301	A549	21243
Lib90_02302	A549	23410
Lib90_02303	A549	23350
Lib90_02304	A549	22756
Lib90_02305	H2228	22674
Lib90_02306	A549	23172
Lib90_02307	H1975	25342
Lib90_02308	A549	22756
Lib90_02309	A549	21683
Lib90_02310	A549	22824
Lib90_02311	H838	21615
Lib90_02312	A549	21912
Lib90_02313	A549	24504
Lib90_02314	H838	22315
Lib90_02315	A549	21593
Lib90_02316	A549	22920
Lib90_02317	A549	23435
Lib90_02318	A549	24204
Lib90_02319	A549	22439
Lib90_02320	H1975	22977
Lib90_02321	A549	24901
Lib90_02322	A549	21969
Lib90_02323	A549	23527
Lib90_02324	HCC827	22993
Lib90_02325	H838	19386
Lib90_02326	H838	22295
Lib90_02327	A549	20847
Lib90_02328	A549	23032
Lib90_02329	A549	24183
Lib90_02330	H2228	21264
Lib90_02331	A549	23281
Lib90_02332	A549	24621
Lib90_02333	HCC827	22415
Lib90_02334	A549	23655
Lib90_02335	A549	22038
Lib90_02336	HCC827	21587
Lib90_02337	A549	25623
Lib90_02338	A549	23881
Lib90_02339	HCC827	20407
Lib90_02340	H1975	23927
Lib90_02341	HCC827	21771
Lib90_02342	A549	22459
Lib90_02343	A549	21627
Lib90_02344	A549	22507
Lib90_02345	A549	24039
Lib90_02346	H838	22194
Lib90_02347	H2228	23082
Lib90_02348	A549	25339
Lib90_02349	H1975	25835
Lib90_02350	A549	24171
Lib90_02351	H1975	20439
Lib90_02352	A549	21853
Lib90_02353	A549	21861
Lib90_02354	A549	21797
Lib90_02355	H2228	22798
Lib90_02356	A549	23633
Lib90_02357	H1975	22866
Lib90_02358	H838	23130
Lib90_02359	A549	23184
Lib90_02360	H2228	22490
Lib90_02361	HCC827	22697
Lib90_02362	A549	22702
Lib90_02363	A549	23884
Lib90_02364	H2228	22014
Lib90_02365	H2228	21724
Lib90_02366	A549	22803
Lib90_02367	H2228	22010
Lib90_02368	A549	23322
Lib90_02369	HCC827	23604
Lib90_02370	H838	20304
Lib90_02371	H2228	22431
Lib90_02372	H2228	22862
Lib90_02373	HCC827	23856
Lib90_02374	A549	22104
Lib90_02375	HCC827	24119
Lib90_02376	A549	23594
Lib90_02377	H2228	21169
Lib90_02378	A549	23728
Lib90_02379	A549	22517
Lib90_02380	A549	22138
Lib90_02381	A549	22209
Lib90_02382	A549	21575
Lib90_02383	H838	19324
Lib90_02384	H2228	24606
Lib90_02385	H838	21751
Lib90_02386	A549	22995
Lib90_02387	A549	22322
Lib90_02389	HCC827	20329
Lib90_02390	H2228	20895
Lib90_02391	H2228	19590
Lib90_02392	A549	22659
Lib90_02393	H2228	22588
Lib90_02394	HCC827	21398
Lib90_02395	A549	22603
Lib90_02396	H2228	21940
Lib90_02397	A549	20840
Lib90_02398	H838	19418
Lib90_02399	A549	21183
Lib90_02400	A549	22777
Lib90_02401	A549	21376
Lib90_02402	H838	22099
Lib90_02403	HCC827	22520
Lib90_02404	H1975	22771
Lib90_02405	A549	22101
Lib90_02406	H2228	23260
Lib90_02407	H1975	23744
Lib90_02408	A549	21602
Lib90_02409	A549	22076
Lib90_02410	A549	22720
Lib90_02411	A549	20874
Lib90_02412	A549	22817
Lib90_02413	A549	23160
Lib90_02414	A549	20926
Lib90_02415	A549	22181
Lib90_02416	A549	23340
Lib90_02417	A549	21939
Lib90_02418	A549	22167
Lib90_02419	H2228	22087
Lib90_02420	HCC827	22254
Lib90_02421	A549	21052
Lib90_02422	H838	19754
Lib90_02423	H1975	21609
Lib90_02424	H2228	20581
Lib90_02425	A549	21800
Lib90_02426	A549	22085
Lib90_02427	H1975	21381
Lib90_02428	A549	21296
Lib90_02429	A549	21193
Lib90_02430	A549	22102
Lib90_02431	A549	21311
Lib90_02432	H2228	21594
Lib90_02433	A549	23440
Lib90_02434	HCC827	20879
Lib90_02435	H2228	20582
Lib90_02436	A549	21453
Lib90_02437	A549	22352
Lib90_02438	HCC827	22699
Lib90_02439	H1975	20347
Lib90_02440	A549	20881
Lib90_02441	A549	24099
Lib90_02442	A549	22873
Lib90_02443	HCC827	21471
Lib90_02444	H2228	21077
Lib90_02445	A549	20506
Lib90_02446	H2228	20724
Lib90_02447	A549	23088
Lib90_02448	A549	22900
Lib90_02449	A549	23015
Lib90_02450	H2228	20149
Lib90_02451	H2228	21555
Lib90_02452	A549	24724
Lib90_02453	H2228	22253
Lib90_02454	HCC827	22235
Lib90_02455	A549	22286
Lib90_02456	HCC827	21356
Lib90_02457	A549	21494
Lib90_02458	A549	22720
Lib90_02459	A549	22728
Lib90_02460	A549	25004
Lib90_02461	HCC827	22563
Lib90_02462	A549	21731
Lib90_02463	A549	21316
Lib90_02464	A549	20231
Lib90_02465	A549	20970
Lib90_02466	HCC827	21012
Lib90_02467	H1975	21378
Lib90_02468	H2228	20691
Lib90_02469	A549	22938
Lib90_02470	H838	20160
Lib90_02471	A549	19920
Lib90_02472	H2228	22270
Lib90_02473	A549	21452
Lib90_02474	A549	21766
Lib90_02475	H838	19859
Lib90_02476	A549	21560
Lib90_02477	A549	19892
Lib90_02478	A549	22420
Lib90_02479	H838	19974
Lib90_02480	HCC827	19477
Lib90_02481	A549	21638
Lib90_02482	H838	21058
Lib90_02483	H1975	22982
Lib90_02484	A549	21629
Lib90_02485	HCC827	20278
Lib90_02486	A549	22099
Lib90_02487	A549	21466
Lib90_02488	A549	22254
Lib90_02489	A549	22474
Lib90_02490	H2228	21761
Lib90_02491	A549	20404
Lib90_02492	H1975	20403
Lib90_02493	HCC827	21291
Lib90_02494	A549	22136
Lib90_02495	A549	21892
Lib90_02496	A549	19270
Lib90_02497	A549	20148
Lib90_02498	H1975	18668
Lib90_02499	A549	21343
Lib90_02500	A549	21352
Lib90_02501	A549	20300
Lib90_02502	HCC827	21387
Lib90_02503	A549	21686
Lib90_02504	H838	21462
Lib90_02505	H838	21211
Lib90_02506	H838	18920
Lib90_02507	A549	20415
Lib90_02508	A549	20768
Lib90_02509	A549	21736
Lib90_02510	H838	20045
Lib90_02511	A549	22578
Lib90_02512	A549	20445
Lib90_02513	A549	21445
Lib90_02514	A549	20178
Lib90_02515	A549	21422
Lib90_02516	A549	20287
Lib90_02517	H2228	19310
Lib90_02518	H2228	21332
Lib90_02519	A549	21605
Lib90_02520	A549	21675
Lib90_02521	H838	19417
Lib90_02522	H1975	21362
Lib90_02523	H1975	21494
Lib90_02524	A549	21630
Lib90_02525	A549	20777
Lib90_02526	A549	22710
Lib90_02527	A549	20988
Lib90_02528	A549	20394
Lib90_02529	A549	22834
Lib90_02530	HCC827	20956
Lib90_02531	A549	19470
Lib90_02532	H1975	19388
Lib90_02533	A549	20633
Lib90_02534	A549	21692
Lib90_02535	H838	20160
Lib90_02536	H838	18607
Lib90_02537	H1975	20767
Lib90_02538	A549	21717
Lib90_02539	H2228	21151
Lib90_02540	A549	20247
Lib90_02541	H838	18558
Lib90_02542	HCC827	20932
Lib90_02543	A549	21586
Lib90_02544	A549	20327
Lib90_02545	A549	20466
Lib90_02546	H838	17028
Lib90_02547	A549	19925
Lib90_02548	H2228	20128
Lib90_02549	H838	17546
Lib90_02550	A549	18876
Lib90_02551	A549	20807
Lib90_02552	A549	21904
Lib90_02553	A549	20516
Lib90_02554	H838	19600
Lib90_02555	H2228	19540
Lib90_02556	A549	20401
Lib90_02557	H1975	19587
Lib90_02558	A549	21551
Lib90_02559	A549	19958
Lib90_02560	H1975	21278
Lib90_02561	A549	20809
Lib90_02562	A549	22487
Lib90_02563	H2228	20712
Lib90_02564	H838	18085
Lib90_02565	HCC827	20925
Lib90_02566	A549	20605
Lib90_02567	A549	20036
Lib90_02568	A549	22084
Lib90_02569	A549	22222
Lib90_02570	H838	21524
Lib90_02571	H838	20952
Lib90_02572	A549	20290
Lib90_02573	A549	19022
Lib90_02574	A549	20677
Lib90_02575	H838	19375
Lib90_02576	A549	20001
Lib90_02577	H1975	19651
Lib90_02578	H1975	20418
Lib90_02579	H1975	20848
Lib90_02580	A549	21230
Lib90_02581	A549	20270
Lib90_02582	A549	20961
Lib90_02583	H838	19034
Lib90_02584	A549	20768
Lib90_02585	A549	20335
Lib90_02586	A549	20759
Lib90_02587	A549	19917
Lib90_02588	A549	19981
Lib90_02589	H1975	20672
Lib90_02590	A549	20408
Lib90_02591	A549	23097
Lib90_02592	A549	21152
Lib90_02593	A549	20413
Lib90_02594	H838	19783
Lib90_02595	A549	20155
Lib90_02596	A549	21281
Lib90_02597	A549	21707
Lib90_02598	HCC827	19437
Lib90_02599	A549	20559
Lib90_02601	HCC827	21558
Lib90_02602	A549	20459
Lib90_02603	A549	21432
Lib90_02604	H838	19205
Lib90_02605	H2228	18643
Lib90_02606	H838	17336
Lib90_02607	A549	19811
Lib90_02608	A549	20293
Lib90_02609	A549	19049
Lib90_02610	A549	20385
Lib90_02611	A549	21133
Lib90_02612	A549	21572
Lib90_02613	H1975	20967
Lib90_02614	A549	19545
Lib90_02615	A549	19960
Lib90_02616	H1975	21396
Lib90_02617	H1975	20780
Lib90_02618	A549	21148
Lib90_02619	H1975	16517
Lib90_02620	A549	20359
Lib90_02621	A549	19994
Lib90_02622	A549	20511
Lib90_02623	A549	19460
Lib90_02624	A549	21258
Lib90_02625	A549	22036
Lib90_02626	A549	18956
Lib90_02628	A549	20039
Lib90_02629	H2228	19775
Lib90_02630	H2228	19578
Lib90_02631	A549	21333
Lib90_02632	A549	19794
Lib90_02633	H838	17111
Lib90_02634	A549	20514
Lib90_02635	H1975	20478
Lib90_02636	H2228	19698
Lib90_02637	A549	20870
Lib90_02638	A549	21184
Lib90_02639	A549	19374
Lib90_02640	H838	20448
Lib90_02641	HCC827	18892
Lib90_02642	A549	22093
Lib90_02643	H2228	18926
Lib90_02644	A549	20143
Lib90_02645	A549	20964
Lib90_02646	HCC827	19881
Lib90_02647	HCC827	20107
Lib90_02648	A549	19994
Lib90_02649	A549	19518
Lib90_02650	H2228	18422
Lib90_02651	A549	19993
Lib90_02652	H1975	18701
Lib90_02653	A549	19279
Lib90_02654	A549	21054
Lib90_02655	A549	19950
Lib90_02656	HCC827	20232
Lib90_02657	A549	20701
Lib90_02658	A549	20702
Lib90_02659	HCC827	20066
Lib90_02660	A549	20242
Lib90_02661	HCC827	20560
Lib90_02662	H1975	19699
Lib90_02663	A549	18904
Lib90_02664	A549	19924
Lib90_02665	A549	18929
Lib90_02666	HCC827	20859
Lib90_02667	H1975	21475
Lib90_02668	HCC827	18216
Lib90_02669	A549	19874
Lib90_02670	A549	18893
Lib90_02671	HCC827	19412
Lib90_02672	A549	19701
Lib90_02673	A549	20757
Lib90_02674	A549	18731
Lib90_02675	H838	18602
Lib90_02676	A549	19860
Lib90_02677	H1975	20434
Lib90_02678	H1975	22303
Lib90_02679	A549	20675
Lib90_02680	A549	19143
Lib90_02681	H838	18901
Lib90_02682	H838	18119
Lib90_02683	A549	21226
Lib90_02684	H838	21569
Lib90_02686	A549	20975
Lib90_02687	A549	19585
Lib90_02688	H1975	19743
Lib90_02689	HCC827	20385
Lib90_02690	H838	17790
Lib90_02691	A549	19807
Lib90_02692	H838	18189
Lib90_02693	A549	21863
Lib90_02694	A549	20000
Lib90_02695	A549	20346
Lib90_02696	H838	20338
Lib90_02697	H2228	18281
Lib90_02698	H2228	19008
Lib90_02699	H2228	19118
Lib90_02700	HCC827	18659
Lib90_02701	H2228	19450
Lib90_02702	A549	20414
Lib90_02703	H838	16098
Lib90_02704	A549	19558
Lib90_02705	A549	19868
Lib90_02706	A549	19769
Lib90_02707	H2228	18919
Lib90_02708	A549	18299
Lib90_02709	A549	19369
Lib90_02710	A549	19711
Lib90_02711	A549	21399
Lib90_02712	A549	20557
Lib90_02713	H838	19141
Lib90_02714	A549	20555
Lib90_02715	A549	18450
Lib90_02716	A549	18981
Lib90_02717	HCC827	21854
Lib90_02718	H2228	17304
Lib90_02719	A549	19606
Lib90_02720	A549	20143
Lib90_02721	A549	18086
Lib90_02722	A549	18730
Lib90_02723	H2228	20240
Lib90_02724	A549	19593
Lib90_02725	H2228	17042
Lib90_02726	A549	20554
Lib90_02727	H838	18358
Lib90_02728	H1975	18690
Lib90_02729	A549	18620
Lib90_02730	H2228	18635
Lib90_02731	A549	19211
Lib90_02732	H838	16882
Lib90_02733	A549	19463
Lib90_02734	H1975	19538
Lib90_02735	H2228	20490
Lib90_02736	A549	20749
Lib90_02737	A549	17215
Lib90_02738	A549	19695
Lib90_02739	H1975	20915
Lib90_02740	A549	19204
Lib90_02741	A549	19202
Lib90_02742	A549	20106
Lib90_02743	A549	20966
Lib90_02744	HCC827	20006
Lib90_02745	A549	21605
Lib90_02746	H2228	21527
Lib90_02747	H2228	18902
Lib90_02748	A549	20504
Lib90_02749	HCC827	20610
Lib90_02750	H2228	19018
Lib90_02751	H838	17064
Lib90_02752	H1975	18644
Lib90_02753	A549	18615
Lib90_02754	HCC827	18168
Lib90_02755	H1975	19308
Lib90_02756	A549	19508
Lib90_02757	A549	17474
Lib90_02758	A549	17579
Lib90_02759	H1975	18947
Lib90_02760	HCC827	19036
Lib90_02761	H838	17781
Lib90_02762	A549	19202
Lib90_02763	A549	20732
Lib90_02764	A549	19371
Lib90_02765	H838	16987
Lib90_02766	H1975	19520
Lib90_02767	A549	18659
Lib90_02768	H1975	19834
Lib90_02769	A549	19770
Lib90_02770	H838	21201
Lib90_02771	A549	20294
Lib90_02772	H838	16529
Lib90_02773	H1975	19255
Lib90_02774	A549	18104
Lib90_02775	A549	18628
Lib90_02776	A549	17770
Lib90_02777	A549	19009
Lib90_02778	H838	17674
Lib90_02779	A549	17960
Lib90_02780	A549	20217
Lib90_02781	A549	18797
Lib90_02782	HCC827	19608
Lib90_02783	A549	17605
Lib90_02784	A549	18274
Lib90_02785	HCC827	19267
Lib90_02786	H2228	18562
Lib90_02787	A549	18229
Lib90_02788	A549	19023
Lib90_02789	A549	20660
Lib90_02790	H838	17421
Lib90_02791	A549	17637
Lib90_02792	H1975	19389
Lib90_02793	A549	20695
Lib90_02794	A549	20539
Lib90_02795	A549	20736
Lib90_02796	A549	18809
Lib90_02798	A549	18883
Lib90_02799	HCC827	18562
Lib90_02800	A549	18731
Lib90_02801	A549	19119
Lib90_02802	H2228	18589
Lib90_02803	A549	18746
Lib90_02804	H838	16830
Lib90_02805	A549	19757
Lib90_02806	H2228	16717
Lib90_02807	A549	18138
Lib90_02808	A549	18996
Lib90_02810	A549	19326
Lib90_02811	A549	18323
Lib90_02812	A549	19194
Lib90_02813	A549	19936
Lib90_02814	A549	18661
Lib90_02815	H838	18437
Lib90_02816	A549	17835
Lib90_02817	HCC827	19330
Lib90_02818	H1975	17067
Lib90_02819	H2228	17138
Lib90_02820	A549	19394
Lib90_02821	A549	18666
Lib90_02822	A549	19442
Lib90_02823	A549	18491
Lib90_02824	A549	17254
Lib90_02825	HCC827	18317
Lib90_02826	H838	18119
Lib90_02827	A549	19357
Lib90_02828	H1975	19477
Lib90_02829	A549	18714
Lib90_02830	A549	18296
Lib90_02831	A549	19667
Lib90_02832	H1975	18022
Lib90_02833	A549	18153
Lib90_02834	A549	19036
Lib90_02835	H2228	17235
Lib90_02836	H2228	17731
Lib90_02838	H838	20082
Lib90_02839	A549	19007
Lib90_02840	A549	18380
Lib90_02841	A549	20568
Lib90_02842	A549	19005
Lib90_02843	A549	18227
Lib90_02844	H838	19800
Lib90_02845	A549	18976
Lib90_02846	H838	15758
Lib90_02847	H838	17098
Lib90_02848	H2228	17439
Lib90_02849	A549	18684
Lib90_02850	A549	16994
Lib90_02851	H838	15510
Lib90_02852	A549	19349
Lib90_02853	A549	18163
Lib90_02854	H838	17357
Lib90_02855	H2228	15329
Lib90_02856	A549	18628
Lib90_02857	A549	19194
Lib90_02858	A549	19427
Lib90_02859	H1975	17663
Lib90_02860	H1975	20204
Lib90_02861	A549	19621
Lib90_02862	H2228	16256
Lib90_02863	H838	16245
Lib90_02864	H2228	17688
Lib90_02865	H838	17527
Lib90_02866	A549	18505
Lib90_02867	A549	19451
Lib90_02868	A549	18657
Lib90_02869	A549	17943
Lib90_02870	A549	17687
Lib90_02871	H838	17571
Lib90_02872	H1975	18012
Lib90_02873	A549	18240
Lib90_02874	A549	18645
Lib90_02875	A549	17134
Lib90_02876	A549	17790
Lib90_02877	A549	16980
Lib90_02878	A549	17908
Lib90_02879	H1975	15958
Lib90_02880	A549	17421
Lib90_02881	H838	16594
Lib90_02882	A549	18204
Lib90_02883	H1975	17600
Lib90_02884	H1975	17883
Lib90_02885	A549	18051
Lib90_02886	A549	18635
Lib90_02887	H2228	18550
Lib90_02888	HCC827	19447
Lib90_02889	A549	18993
Lib90_02890	H2228	17138
Lib90_02891	A549	17247
Lib90_02892	HCC827	17350
Lib90_02893	A549	19612
Lib90_02894	A549	19464
Lib90_02896	A549	17593
Lib90_02897	A549	18422
Lib90_02898	H838	16261
Lib90_02899	A549	18975
Lib90_02900	H838	15684
Lib90_02901	A549	18802
Lib90_02902	A549	17455
Lib90_02903	HCC827	17531
Lib90_02904	H2228	17851
Lib90_02905	H2228	16619
Lib90_02906	A549	19217
Lib90_02907	H838	18227
Lib90_02908	A549	19079
Lib90_02909	H1975	17952
Lib90_02910	A549	17912
Lib90_02911	A549	18335
Lib90_02912	H2228	17211
Lib90_02913	H838	15860
Lib90_02914	H838	17522
Lib90_02915	HCC827	17106
Lib90_02916	HCC827	18570
Lib90_02918	A549	18243
Lib90_02919	A549	17307
Lib90_02920	A549	17266
Lib90_02921	HCC827	17780
Lib90_02922	A549	19119
Lib90_02923	H1975	16779
Lib90_02924	HCC827	18369
Lib90_02925	H2228	16895
Lib90_02926	A549	18164
Lib90_02927	H2228	17566
Lib90_02928	A549	16653
Lib90_02929	H838	16886
Lib90_02930	A549	18048
Lib90_02931	A549	17630
Lib90_02932	A549	19597
Lib90_02933	H838	15856
Lib90_02934	A549	18871
Lib90_02935	H838	16199
Lib90_02936	A549	18536
Lib90_02937	A549	20197
Lib90_02938	H1975	16984
Lib90_02939	H838	15614
Lib90_02940	A549	17634
Lib90_02941	A549	16946
Lib90_02942	H1975	17167
Lib90_02943	A549	16839
Lib90_02944	HCC827	15657
Lib90_02945	A549	16500
Lib90_02946	A549	15920
Lib90_02947	A549	17674
Lib90_02948	A549	17155
Lib90_02949	A549	16885
Lib90_02950	A549	17394
Lib90_02951	H2228	17541
Lib90_02952	A549	17433
Lib90_02953	H2228	16433
Lib90_02954	H2228	17915
Lib90_02955	A549	18480
Lib90_02956	HCC827	15858
Lib90_02957	H838	16890
Lib90_02958	A549	16507
Lib90_02959	A549	18014
Lib90_02960	H838	16476
Lib90_02961	H838	16367
Lib90_02962	H2228	16610
Lib90_02963	H838	15896
Lib90_02964	A549	16721
Lib90_02965	H1975	16917
Lib90_02966	A549	18734
Lib90_02967	H2228	16512
Lib90_02968	A549	17706
Lib90_02969	H2228	16494
Lib90_02970	H2228	16346
Lib90_02971	A549	18903
Lib90_02972	A549	17012
Lib90_02973	HCC827	17307
Lib90_02974	H2228	15931
Lib90_02975	A549	16712
Lib90_02976	A549	18914
Lib90_02977	A549	18502
Lib90_02978	A549	18026
Lib90_02979	A549	17657
Lib90_02980	A549	17228
Lib90_02981	A549	16515
Lib90_02982	A549	17196
Lib90_02983	A549	17937
Lib90_02984	HCC827	17946
Lib90_02985	A549	17791
Lib90_02986	A549	17088
Lib90_02987	A549	16474
Lib90_02988	A549	17774
Lib90_02989	H838	15685
Lib90_02990	A549	17726
Lib90_02991	HCC827	16620
Lib90_02992	A549	17897
Lib90_02993	A549	17145
Lib90_02994	H2228	16231
Lib90_02995	HCC827	17658
Lib90_02996	A549	16786
Lib90_02997	A549	17395
Lib90_02998	H838	13396
Lib90_02999	A549	16504
Lib90_03000	A549	17591
Lib90_03001	A549	16990
Lib90_03002	A549	17626
Lib90_03003	A549	17777
Lib90_03004	A549	17540
Lib90_03005	H838	14837
Lib90_03006	A549	18113
Lib90_03007	A549	19032
Lib90_03008	A549	17512
Lib90_03009	A549	17663
Lib90_03010	A549	17328
Lib90_03011	HCC827	15557
Lib90_03012	A549	16274
Lib90_03013	A549	18056
Lib90_03014	H1975	15300
Lib90_03015	H838	15095
Lib90_03016	H838	15250
Lib90_03017	A549	17730
Lib90_03018	H838	14365
Lib90_03019	A549	16971
Lib90_03020	HCC827	17984
Lib90_03021	H1975	17634
Lib90_03022	H838	16859
Lib90_03023	A549	17022
Lib90_03024	HCC827	17073
Lib90_03025	A549	16137
Lib90_03026	A549	17173
Lib90_03027	H838	16255
Lib90_03029	H838	14595
Lib90_03030	A549	17651
Lib90_03031	A549	15284
Lib90_03032	A549	16514
Lib90_03033	H2228	16026
Lib90_03034	H838	15932
Lib90_03035	A549	17356
Lib90_03036	H1975	16396
Lib90_03037	HCC827	16109
Lib90_03038	A549	16571
Lib90_03039	A549	15746
Lib90_03040	HCC827	15945
Lib90_03041	A549	16411
Lib90_03042	A549	16862
Lib90_03043	H1975	15900
Lib90_03044	A549	17345
Lib90_03045	A549	16980
Lib90_03046	HCC827	17195
Lib90_03047	H2228	13221
Lib90_03048	H1975	18302
Lib90_03049	A549	16701
Lib90_03050	H2228	15284
Lib90_03051	A549	16691
Lib90_03052	H838	15675
Lib90_03053	A549	16799
Lib90_03054	H1975	15207
Lib90_03055	A549	17995
Lib90_03056	H838	15544
Lib90_03057	A549	16708
Lib90_03058	A549	15483
Lib90_03059	A549	17273
Lib90_03060	H838	13910
Lib90_03061	H838	15525
Lib90_03062	HCC827	15307
Lib90_03063	A549	16945
Lib90_03064	A549	17727
Lib90_03065	HCC827	15335
Lib90_03066	HCC827	16987
Lib90_03068	H1975	17216
Lib90_03069	A549	16288
Lib90_03070	A549	17305
Lib90_03071	A549	16183
Lib90_03073	H838	16559
Lib90_03074	A549	15777
Lib90_03075	H838	14167
Lib90_03076	H2228	15222
Lib90_03077	H838	15050
Lib90_03078	H1975	16923
Lib90_03079	A549	17487
Lib90_03080	A549	16474
Lib90_03081	H2228	17093
Lib90_03082	A549	15677
Lib90_03083	H838	15172
Lib90_03084	H1975	15561
Lib90_03085	H1975	16998
Lib90_03086	A549	15886
Lib90_03087	H838	15540
Lib90_03088	A549	17134
Lib90_03089	HCC827	15223
Lib90_03090	HCC827	16200
Lib90_03091	H2228	14558
Lib90_03092	H838	14908
Lib90_03093	A549	16158
Lib90_03094	A549	15630
Lib90_03095	H2228	14800
Lib90_03096	A549	16131
Lib90_03097	HCC827	15825
Lib90_03098	H1975	17267
Lib90_03099	H2228	15093
Lib90_03100	H838	13363
Lib90_03101	H1975	13558
Lib90_03102	A549	16595
Lib90_03103	A549	17549
Lib90_03104	A549	14619
Lib90_03105	A549	14871
Lib90_03106	H838	15236
Lib90_03107	H1975	16312
Lib90_03108	H838	14694
Lib90_03109	H838	13982
Lib90_03110	H838	15571
Lib90_03111	A549	16726
Lib90_03112	H838	13107
Lib90_03113	A549	16543
Lib90_03114	A549	16980
Lib90_03115	A549	16186
Lib90_03116	H1975	14859
Lib90_03117	A549	16135
Lib90_03118	A549	15795
Lib90_03119	A549	18149
Lib90_03120	A549	15780
Lib90_03121	H838	13353
Lib90_03122	H2228	15986
Lib90_03123	H2228	14185
Lib90_03124	H2228	16431
Lib90_03125	H838	15163
Lib90_03126	H838	14024
Lib90_03127	A549	16335
Lib90_03128	H2228	14429
Lib90_03129	H838	14947
Lib90_03130	HCC827	15741
Lib90_03131	H838	13515
Lib90_03132	HCC827	15000
Lib90_03133	A549	15321
Lib90_03134	A549	15614
Lib90_03135	H838	14947
Lib90_03136	H1975	17028
Lib90_03137	H2228	13823
Lib90_03138	A549	16620
Lib90_03139	A549	14803
Lib90_03140	A549	17391
Lib90_03141	H1975	13247
Lib90_03142	H2228	15117
Lib90_03143	H2228	13321
Lib90_03144	H838	15297
Lib90_03145	H1975	14332
Lib90_03146	H838	14330
Lib90_03147	H838	14844
Lib90_03148	H1975	16574
Lib90_03149	HCC827	15352
Lib90_03150	H2228	13286
Lib90_03151	H838	13959
Lib90_03152	A549	15531
Lib90_03153	H838	13992
Lib90_03154	H2228	14012
Lib90_03155	H838	13247
Lib90_03156	A549	14609
Lib90_03157	A549	14597
Lib90_03158	A549	14940
Lib90_03159	H2228	14212
Lib90_03160	H838	14144
Lib90_03161	H2228	14042
Lib90_03162	A549	14973
Lib90_03163	H2228	15464
Lib90_03165	H1975	14130
Lib90_03166	H2228	14172
Lib90_03167	H838	15585
Lib90_03168	A549	14589
Lib90_03169	A549	15335
Lib90_03170	H838	13909
Lib90_03171	A549	14982
Lib90_03172	H838	13813
Lib90_03173	H1975	14032
Lib90_03174	A549	16319
Lib90_03175	A549	15239
Lib90_03176	H1975	16659
Lib90_03177	H838	15541
Lib90_03178	HCC827	16574
Lib90_03179	HCC827	13203
Lib90_03180	H838	12989
Lib90_03181	A549	15061
Lib90_03182	A549	15599
Lib90_03183	A549	14084
Lib90_03184	H838	12918
Lib90_03186	A549	15417
Lib90_03187	A549	16251
Lib90_03188	H838	14459
Lib90_03189	H838	12931
Lib90_03190	A549	13402
Lib90_03191	A549	16109
Lib90_03192	A549	15561
Lib90_03193	A549	16001
Lib90_03194	A549	15379
Lib90_03195	HCC827	14490
Lib90_03196	A549	15611
Lib90_03197	H1975	14898
Lib90_03198	HCC827	15832
Lib90_03199	H838	12549
Lib90_03200	A549	15726
Lib90_03201	A549	15292
Lib90_03202	A549	15147
Lib90_03203	H838	16346
Lib90_03204	H838	13397
Lib90_03205	HCC827	15688
Lib90_03206	H2228	17221
Lib90_03207	H2228	13524
Lib90_03208	H2228	13820
Lib90_03209	A549	15241
Lib90_03210	H838	12880
Lib90_03211	H1975	15729
Lib90_03212	A549	15663
Lib90_03213	A549	14319
Lib90_03214	A549	14768
Lib90_03215	H1975	16275
Lib90_03216	A549	13770
Lib90_03217	HCC827	15363
Lib90_03218	H838	13652
Lib90_03219	H2228	13241
Lib90_03220	H838	13088
Lib90_03221	H838	14345
Lib90_03222	A549	14901
Lib90_03223	HCC827	14161
Lib90_03224	H2228	12617
Lib90_03225	A549	13578
Lib90_03226	HCC827	15714
Lib90_03227	HCC827	14328
Lib90_03228	H838	13089
Lib90_03229	A549	14455
Lib90_03230	A549	14666
Lib90_03231	H2228	11059
Lib90_03232	HCC827	13869
Lib90_03233	A549	16198
Lib90_03235	A549	15225
Lib90_03236	A549	14278
Lib90_03237	H1975	13045
Lib90_03238	H838	12850
Lib90_03239	H838	13700
Lib90_03240	A549	13941
Lib90_03241	H838	13423
Lib90_03242	H1975	12958
Lib90_03243	H1975	14392
Lib90_03244	H1975	13159
Lib90_03245	H838	12465
Lib90_03246	H838	13141
Lib90_03247	H2228	13796
Lib90_03248	A549	13840
Lib90_03249	H1975	13442
Lib90_03250	HCC827	14538
Lib90_03251	HCC827	15411
Lib90_03252	H2228	14320
Lib90_03253	H838	12932
Lib90_03254	H2228	14704
Lib90_03255	H2228	14328
Lib90_03256	A549	15376
Lib90_03257	A549	14143
Lib90_03258	A549	14529
Lib90_03259	H2228	14235
Lib90_03260	H838	12888
Lib90_03261	H838	12692
Lib90_03262	A549	13704
Lib90_03263	H838	12831
Lib90_03264	H838	14452
Lib90_03265	HCC827	11331
Lib90_03266	A549	15486
Lib90_03267	A549	14841
Lib90_03268	H2228	13314
Lib90_03269	A549	14929
Lib90_03270	H2228	13280
Lib90_03271	H838	12513
Lib90_03272	A549	13519
Lib90_03273	H838	14421
Lib90_03274	H1975	15243
Lib90_03275	A549	14391
Lib90_03276	HCC827	14246
Lib90_03277	H1975	13303
Lib90_03278	H838	14496
Lib90_03279	A549	14271
Lib90_03280	A549	14714
Lib90_03281	A549	11231
Lib90_03282	H1975	15096
Lib90_03283	H838	13026
Lib90_03284	H838	12591
Lib90_03285	A549	13021
Lib90_03286	H1975	13952
Lib90_03287	H2228	13531
Lib90_03288	H2228	12617
Lib90_03289	A549	14480
Lib90_03290	H2228	12351
Lib90_03291	A549	15753
Lib90_03292	A549	16002
Lib90_03293	H838	14536
Lib90_03294	A549	13408
Lib90_03295	A549	14105
Lib90_03296	H2228	13485
Lib90_03297	HCC827	12741
Lib90_03298	H2228	12795
Lib90_03299	H1975	11625
Lib90_03300	H2228	13351
Lib90_03301	H1975	12827
Lib90_03302	A549	14587
Lib90_03303	H838	12319
Lib90_03304	A549	13830
Lib90_03305	A549	14335
Lib90_03306	A549	15012
Lib90_03307	H838	13332
Lib90_03308	HCC827	16334
Lib90_03309	H838	12890
Lib90_03310	H2228	13678
Lib90_03311	H2228	12285
Lib90_03313	H838	14127
Lib90_03314	A549	14325
Lib90_03315	A549	14273
Lib90_03316	HCC827	14025
Lib90_03317	A549	13330
Lib90_03318	A549	12129
Lib90_03319	A549	14529
Lib90_03320	H2228	12926
Lib90_03321	A549	13934
Lib90_03323	A549	13990
Lib90_03325	A549	14656
Lib90_03326	H2228	13811
Lib90_03327	H838	13065
Lib90_03328	A549	13786
Lib90_03329	H1975	14222
Lib90_03330	H838	13357
Lib90_03331	A549	12606
Lib90_03332	H838	12420
Lib90_03333	A549	13548
Lib90_03334	A549	14840
Lib90_03335	A549	13663
Lib90_03336	HCC827	15490
Lib90_03337	H1975	14238
Lib90_03338	H1975	14577
Lib90_03339	H2228	13084
Lib90_03340	A549	13886
Lib90_03341	H1975	13641
Lib90_03342	HCC827	14679
Lib90_03343	A549	13345
Lib90_03344	A549	14422
Lib90_03345	HCC827	13170
Lib90_03346	H2228	12917
Lib90_03347	H838	14786
Lib90_03348	H838	12044
Lib90_03349	H838	11938
Lib90_03350	HCC827	15302
Lib90_03351	A549	14307
Lib90_03352	H2228	12060
Lib90_03353	H1975	13719
Lib90_03354	A549	14589
Lib90_03355	HCC827	14035
Lib90_03356	H2228	12676
Lib90_03357	A549	13593
Lib90_03358	HCC827	13610
Lib90_03359	H838	11736
Lib90_03360	H2228	12014
Lib90_03361	H1975	12812
Lib90_03362	A549	14420
Lib90_03363	H2228	11248
Lib90_03364	H838	12380
Lib90_03365	H838	11378
Lib90_03367	H2228	12139
Lib90_03368	A549	12420
Lib90_03369	A549	13531
Lib90_03370	A549	12813
Lib90_03371	A549	13662
Lib90_03372	H1975	12828
Lib90_03373	H838	12181
Lib90_03374	H838	11835
Lib90_03375	HCC827	13475
Lib90_03376	HCC827	15585
Lib90_03377	H838	12007
Lib90_03378	A549	14608
Lib90_03379	A549	11637
Lib90_03380	A549	14070
Lib90_03381	H2228	11705
Lib90_03382	H1975	11877
Lib90_03383	H838	12068
Lib90_03384	A549	13180
Lib90_03385	A549	12966
Lib90_03386	H2228	12295
Lib90_03387	H838	12283
Lib90_03388	H2228	12312
Lib90_03389	H2228	13001
Lib90_03390	A549	13722
Lib90_03391	H838	11018
Lib90_03392	A549	13159
Lib90_03393	H2228	12251
Lib90_03394	H2228	10641
Lib90_03395	H838	12170
Lib90_03396	A549	13039
Lib90_03397	HCC827	13461
Lib90_03398	H838	12289
Lib90_03399	HCC827	12348
Lib90_03400	H838	11740
Lib90_03401	H2228	11712
Lib90_03402	A549	12262
Lib90_03403	H1975	13293
Lib90_03404	A549	13132
Lib90_03405	H838	12113
Lib90_03406	H2228	12893
Lib90_03407	A549	12727
Lib90_03408	A549	12944
Lib90_03409	H2228	13110
Lib90_03410	H1975	12698
Lib90_03412	HCC827	12636
Lib90_03413	H2228	12020
Lib90_03414	H2228	11911
Lib90_03415	H838	11806
Lib90_03416	H2228	11388
Lib90_03417	H2228	12103
Lib90_03418	H1975	11507
Lib90_03419	H2228	11882
Lib90_03420	A549	11823
Lib90_03421	A549	13157
Lib90_03422	H2228	12089
Lib90_03423	A549	12491
Lib90_03424	A549	12264
Lib90_03425	H838	12515
Lib90_03426	H838	12878
Lib90_03427	H2228	11436
Lib90_03428	H838	12568
Lib90_03429	H2228	12302
Lib90_03430	H2228	11129
Lib90_03431	A549	13623
Lib90_03432	H2228	11767
Lib90_03433	A549	12404
Lib90_03434	H1975	12383
Lib90_03435	A549	13920
Lib90_03436	A549	12557
Lib90_03437	H2228	11709
Lib90_03438	H2228	12018
Lib90_03439	H838	11884
Lib90_03440	H2228	12158
Lib90_03441	H1975	13085
Lib90_03442	HCC827	12759
Lib90_03443	H2228	12316
Lib90_03444	A549	11174
Lib90_03445	H2228	10180
Lib90_03447	A549	13555
Lib90_03448	H1975	13829
Lib90_03449	H838	10750
Lib90_03450	H838	11645
Lib90_03451	A549	12899
Lib90_03452	H2228	11099
Lib90_03453	H2228	12306
Lib90_03454	H2228	10925
Lib90_03455	H2228	10803
Lib90_03456	HCC827	11318
Lib90_03457	H2228	10978
Lib90_03458	H2228	11403
Lib90_03459	H838	11220
Lib90_03460	A549	11560
Lib90_03462	A549	11480
Lib90_03463	HCC827	11583
Lib90_03464	A549	10119
Lib90_03465	H838	10968
Lib90_03466	A549	10854
Lib90_03467	H838	10860
Lib90_03468	HCC827	12908
Lib90_03469	H1975	12206
Lib90_03471	HCC827	12010
Lib90_03472	A549	11991
Lib90_03473	A549	11086
Lib90_03475	A549	11019
Lib90_03476	H838	11185
Lib90_03477	A549	10852
Lib90_03478	H1975	10662
Lib90_03479	A549	11958
Lib90_03480	H2228	11480
Lib90_03481	H838	11530
Lib90_03482	A549	11924
Lib90_03483	A549	11697
Lib90_03484	A549	12289
Lib90_03485	H1975	11044
Lib90_03486	H838	10148
Lib90_03487	HCC827	11783
Lib90_03488	A549	12062
Lib90_03489	H2228	10991
Lib90_03490	H838	9938
Lib90_03491	A549	10884
Lib90_03492	H1975	10273
Lib90_03493	HCC827	12489
Lib90_03494	A549	11317
Lib90_03495	H2228	12475
Lib90_03496	A549	12007
Lib90_03497	A549	10699
Lib90_03498	H1975	11966
Lib90_03499	A549	12558
Lib90_03501	H2228	11374
Lib90_03502	HCC827	12935
Lib90_03503	H1975	11961
Lib90_03504	H838	10436
Lib90_03505	HCC827	11321
Lib90_03506	H2228	11366
Lib90_03507	H838	11006
Lib90_03508	H2228	10193
Lib90_03509	A549	14218
Lib90_03510	H2228	9911
Lib90_03511	A549	12385
Lib90_03512	H838	10596
Lib90_03513	H1975	11376
Lib90_03514	H838	9932
Lib90_03515	H838	10227
Lib90_03516	A549	12232
Lib90_03517	H1975	11932
Lib90_03518	A549	11435
Lib90_03519	A549	10837
Lib90_03520	H838	9803
Lib90_03521	A549	10811
Lib90_03522	A549	10784
Lib90_03523	A549	12355
Lib90_03524	H838	11326
Lib90_03525	H2228	10688
Lib90_03526	H838	10812
Lib90_03527	A549	11192
Lib90_03528	H2228	10256
Lib90_03530	H2228	10275
Lib90_03531	H2228	10729
Lib90_03532	A549	11443
Lib90_03533	A549	9391
Lib90_03534	H2228	10932
Lib90_03535	H1975	10158
Lib90_03536	H838	10674
Lib90_03537	A549	9909
Lib90_03538	H2228	10573
Lib90_03539	A549	10889
Lib90_03540	H838	9570
Lib90_03541	H2228	10164
Lib90_03542	H838	10500
Lib90_03543	A549	9940
Lib90_03544	A549	12092
Lib90_03545	H838	10746
Lib90_03546	A549	11974
Lib90_03547	A549	11012
Lib90_03548	A549	11159
Lib90_03549	A549	11599
Lib90_03550	H838	11651
Lib90_03551	H838	10057
Lib90_03552	H2228	10159
Lib90_03553	A549	11257
Lib90_03554	H2228	9629
Lib90_03555	H838	10909
Lib90_03556	H1975	11533
Lib90_03557	HCC827	10636
Lib90_03558	A549	12288
Lib90_03559	H2228	10020
Lib90_03560	H1975	12079
Lib90_03561	H2228	11120
Lib90_03562	H2228	9950
Lib90_03563	A549	12768
Lib90_03564	H2228	10736
Lib90_03565	A549	11382
Lib90_03566	H838	10265
Lib90_03567	H2228	11407
Lib90_03568	H2228	10689
Lib90_03569	HCC827	9427
Lib90_03570	H2228	9336
Lib90_03571	H2228	11413
Lib90_03572	H1975	11712
Lib90_03573	H2228	9525
Lib90_03575	A549	11825
Lib90_03576	A549	12108
Lib90_03577	H838	10800
Lib90_03578	H1975	11235
Lib90_03579	A549	10756
Lib90_03580	H2228	10428
Lib90_03581	H838	9900
Lib90_03582	HCC827	10342
Lib90_03583	A549	9933
Lib90_03584	H838	9326
Lib90_03586	H2228	9557
Lib90_03587	H2228	9993
Lib90_03588	A549	10586
Lib90_03589	A549	10257
Lib90_03590	HCC827	15478
Lib90_03591	A549	11309
Lib90_03592	A549	11534
Lib90_03593	A549	11615
Lib90_03594	A549	10499
Lib90_03597	A549	9713
Lib90_03598	HCC827	12029
Lib90_03599	H2228	9652
Lib90_03600	H2228	11781
Lib90_03601	A549	11341
Lib90_03603	A549	9515
Lib90_03604	H2228	9960
Lib90_03606	A549	10770
Lib90_03607	H2228	10763
Lib90_03608	A549	10641
Lib90_03609	A549	9953
Lib90_03610	H1975	9863
Lib90_03611	A549	9330
Lib90_03612	A549	9847
Lib90_03613	H2228	9847
Lib90_03615	A549	10934
Lib90_03616	H1975	9982
Lib90_03617	A549	9269
Lib90_03618	H2228	10971
Lib90_03619	A549	9690
Lib90_03620	H2228	9037
Lib90_03622	H838	9087
Lib90_03623	HCC827	11627
Lib90_03624	A549	9361
Lib90_03625	A549	9789
Lib90_03626	H2228	10082
Lib90_03627	H838	9947
Lib90_03628	HCC827	8977
Lib90_03629	A549	10154
Lib90_03631	A549	9876
Lib90_03632	H2228	10159
Lib90_03634	H838	10345
Lib90_03635	A549	9300
Lib90_03636	H1975	10435
Lib90_03637	A549	11838
Lib90_03638	H1975	10545
Lib90_03639	A549	10204
Lib90_03640	A549	9278
Lib90_03641	H838	11193
Lib90_03642	H838	11696
Lib90_03643	H838	9637
Lib90_03644	H2228	9184
Lib90_03645	H838	10002
Lib90_03646	H2228	9675
Lib90_03647	HCC827	8805
Lib90_03648	HCC827	10595
Lib90_03649	A549	9490
Lib90_03650	H2228	9434
Lib90_03651	A549	9340
Lib90_03652	A549	9937
Lib90_03653	A549	9525
Lib90_03654	H1975	9475
Lib90_03655	H1975	11364
Lib90_03656	A549	10126
Lib90_03657	A549	9804
Lib90_03658	A549	10550
Lib90_03659	A549	9599
Lib90_03660	A549	9930
Lib90_03661	H1975	10275
Lib90_03662	HCC827	10739
Lib90_03663	A549	11588
Lib90_03664	A549	10335
Lib90_03665	H1975	9878
Lib90_03666	A549	10584
Lib90_03667	H1975	9291
Lib90_03668	A549	9726
Lib90_03670	H1975	9956
Lib90_03671	H2228	9115
Lib90_03672	A549	10657
Lib90_03673	A549	9805
Lib90_03674	H2228	7788
Lib90_03675	H2228	9812
Lib90_03676	A549	9654
Lib90_03677	A549	10499
Lib90_03678	H838	8349
Lib90_03679	A549	9469
Lib90_03680	HCC827	10500
Lib90_03681	A549	10061
Lib90_03682	A549	9849
Lib90_03683	A549	9283
Lib90_03684	H2228	8901
Lib90_03685	H1975	11226
Lib90_03686	H2228	9015
Lib90_03687	H2228	9047
Lib90_03688	H2228	9505
Lib90_03689	A549	9742
Lib90_03691	A549	9892
Lib90_03692	A549	10048
Lib90_03693	H838	8878
Lib90_03694	A549	9455
Lib90_03695	HCC827	9174
Lib90_03696	H838	8270
Lib90_03697	A549	10258
Lib90_03698	H1975	12855
Lib90_03699	A549	8891
Lib90_03700	HCC827	10923
Lib90_03701	H838	9366
Lib90_03702	A549	9179
Lib90_03703	H838	8157
Lib90_03704	A549	9990
Lib90_03707	H1975	8725
Lib90_03708	HCC827	9824
Lib90_03709	A549	9590
Lib90_03710	A549	10627
Lib90_03711	A549	9034
Lib90_03712	H838	7876
Lib90_03713	H2228	9295
Lib90_03714	H838	10381
Lib90_03715	H1975	9563
Lib90_03716	A549	9040
Lib90_03717	A549	10786
Lib90_03718	A549	9586
Lib90_03719	A549	9346
Lib90_03720	A549	9052
Lib90_03721	A549	10011
Lib90_03722	A549	8902
Lib90_03723	A549	8631
Lib90_03724	A549	8611
Lib90_03725	A549	9593
Lib90_03726	A549	9504
Lib90_03727	A549	8499
Lib90_03728	HCC827	9270
Lib90_03729	A549	9309
Lib90_03730	H838	8827
Lib90_03731	A549	8177
Lib90_03732	A549	10020
Lib90_03733	H2228	8419
Lib90_03734	A549	8655
Lib90_03735	A549	9272
Lib90_03736	H2228	9001
Lib90_03737	H838	8869
Lib90_03738	H2228	9948
Lib90_03739	A549	9131
Lib90_03740	H2228	8084
Lib90_03741	A549	9120
Lib90_03743	A549	8830
Lib90_03744	A549	8352
Lib90_03745	H2228	8603
Lib90_03746	HCC827	7301
Lib90_03747	A549	8720
Lib90_03748	H2228	9400
Lib90_03749	HCC827	8516
Lib90_03750	H1975	8326
Lib90_03753	A549	8823
Lib90_03755	A549	8639
Lib90_03756	A549	10069
Lib90_03757	A549	9184
Lib90_03758	A549	8519
Lib90_03759	H1975	9248
Lib90_03760	H838	8934
Lib90_03761	H838	8057
Lib90_03762	A549	8200
Lib90_03763	HCC827	8692
Lib90_03764	H838	8366
Lib90_03765	A549	8851
Lib90_03766	HCC827	10086
Lib90_03767	H838	8406
Lib90_03769	A549	8357
Lib90_03770	A549	9361
Lib90_03771	A549	9310
Lib90_03772	A549	9087
Lib90_03773	H838	9676
Lib90_03774	A549	8333
Lib90_03775	A549	9425
Lib90_03776	H2228	9501
Lib90_03777	H2228	8519
Lib90_03778	A549	9562
Lib90_03779	A549	8710
Lib90_03780	A549	9023
Lib90_03781	A549	8979
Lib90_03782	A549	7256
Lib90_03783	A549	8333
Lib90_03784	H2228	8399
Lib90_03787	A549	8160
Lib90_03788	HCC827	7468
Lib90_03789	A549	8061
Lib90_03790	A549	8281
Lib90_03792	H1975	8162
Lib90_03794	A549	7959
Lib90_03795	A549	9314
Lib90_03796	H2228	8925
Lib90_03797	A549	8321
Lib90_03798	H2228	7974
Lib90_03799	H2228	8690
Lib90_03800	A549	9090
Lib90_03801	H1975	8173
Lib90_03802	HCC827	9877
Lib90_03803	A549	8426
Lib90_03804	H2228	7935
Lib90_03806	A549	9170
Lib90_03807	H2228	9293
Lib90_03808	H1975	8527
Lib90_03809	H2228	7061
Lib90_03810	A549	7857
Lib90_03811	H838	7698
Lib90_03812	A549	8533
Lib90_03813	A549	7616
Lib90_03814	H1975	8058
Lib90_03815	A549	7361
Lib90_03816	A549	7873
Lib90_03817	A549	8373
Lib90_03818	A549	8126
Lib90_03819	A549	8446
Lib90_03820	H838	7839
Lib90_03821	A549	8144
Lib90_03822	A549	8255
Lib90_03823	H838	7763
Lib90_03824	A549	8362
Lib90_03825	A549	7596
Lib90_03826	A549	8167
Lib90_03827	A549	8426
Lib90_03828	A549	7756
Lib90_03829	A549	8164
Lib90_03830	H2228	7651
Lib90_03832	A549	8712
Lib90_03833	A549	8034
Lib90_03834	H838	6569
Lib90_03836	A549	7757
Lib90_03837	H838	8862
Lib90_03838	H838	8394
Lib90_03839	A549	7960
Lib90_03840	A549	7736
Lib90_03841	A549	8398
Lib90_03842	A549	7710
Lib90_03843	A549	8829
Lib90_03844	H1975	9330
Lib90_03847	HCC827	8196
Lib90_03848	A549	6360
Lib90_03849	H838	5934
Lib90_03850	H2228	7131
Lib90_03851	H838	6761
Lib90_03853	A549	7780
Lib90_03856	A549	7611
Lib90_03857	A549	7435
Lib90_03858	H1975	7301
Lib90_03859	H1975	7241
Lib90_03861	A549	7224
Lib90_03862	A549	8363
Lib90_03864	A549	8138
Lib90_03865	A549	8327
Lib90_03867	H2228	6824
Lib90_03868	A549	7985
Lib90_03869	A549	7260
Lib90_03870	A549	8779
Lib90_03871	H2228	6679
Lib90_03872	H2228	7827
Lib90_03873	H1975	8943
Lib90_03874	H2228	6792
Lib90_03875	H838	7275
Lib90_03876	H838	6850
Lib90_03878	A549	7441
Lib90_03880	A549	7316
Lib90_03881	A549	7066
Lib90_03882	A549	7040
Lib90_03883	A549	8063
Lib90_03884	A549	7385
Lib90_03885	H2228	7267
Lib90_03886	A549	7352
Lib90_03887	A549	7533
Lib90_03888	H2228	6659
Lib90_03889	A549	7007
Lib90_03890	A549	6730
Lib90_03891	A549	7335
Lib90_03892	A549	7765
Lib90_03893	A549	7015
Lib90_03894	A549	7187
Lib90_03895	H838	7173
Lib90_03897	H1975	7253
Lib90_03898	A549	7021
Lib90_03901	H838	8350
Lib90_03902	H838	7173
Lib90_03903	A549	6847
Lib90_03905	A549	6616
Lib90_03906	A549	8630
Lib90_03907	A549	7226
Lib90_03908	A549	6296
Lib90_03909	A549	7280
Lib90_03910	A549	6233
Lib90_03912	H1975	8449
Lib90_03914	H2228	7774
Lib90_03915	H2228	7754
Lib90_03916	H2228	5965
Lib90_03917	A549	6429
Lib90_03918	A549	7482
Lib90_03919	A549	7438
Lib90_03920	A549	6662
Lib90_03922	H2228	5853
Lib90_03923	H1975	7377
Lib90_03925	A549	6469
Lib90_03926	H2228	6001
Lib90_03928	A549	6279
Lib90_03929	H1975	6677
Lib90_03930	A549	6180
Lib90_03931	H838	6227
Lib90_03932	A549	7390
Lib90_03933	HCC827	6635
Lib90_03934	A549	6656
Lib90_03937	A549	6393
Lib90_03939	A549	7393
Lib90_03940	A549	7307
Lib90_03941	A549	5200
Lib90_03944	H2228	6541
Lib90_03946	A549	6554
Lib90_03947	H838	6457
Lib90_03948	A549	6730
Lib90_03949	A549	6597
Lib90_03950	H1975	6524
Lib90_03953	A549	5344
Lib90_03954	A549	5432
Lib90_03956	A549	6882
Lib90_03957	A549	6913
Lib90_03958	A549	6017
Lib90_03959	A549	6491
Lib90_03962	HCC827	6966
Lib90_03964	H838	6670
Lib90_03966	A549	6104
Lib90_03968	H1975	7417
Lib90_03969	H2228	5942
Lib90_03970	A549	6230
Lib90_03972	A549	5350
Lib90_03973	H2228	6110
Lib90_03974	A549	6369
Lib90_03975	A549	5761
Lib90_03977	A549	6535
Lib90_03978	A549	5499
Lib90_03979	A549	5586
Lib90_03981	H838	6007
Lib90_03983	A549	6037
Lib90_03984	A549	5622
Lib90_03985	A549	5492
Lib90_03989	A549	5340
Lib90_03991	A549	5333
Lib90_03993	H1975	5904
Lib90_03995	H2228	5779
Lib90_03997	A549	7247
Lib90_04003	A549	5402
Lib90_04004	A549	5362
Lib90_04007	A549	5754
Lib90_04009	A549	6392
Lib90_04010	A549	5586
Lib90_04011	A549	5470
Lib90_04012	HCC827	6214
Lib90_04014	H1975	5711
Lib90_04017	A549	5339
Lib90_04019	A549	5407
Lib90_04024	H2228	6077
Lib90_04026	HCC827	6050
Lib90_04028	A549	5953
Lib90_04029	A549	5162
Lib90_04048	A549	5604
Lib90_04057	H838	5497
